0,GENED 1094,MATH 1A,PSY 1,,
1,CHNSE 120A,HUMAN 10A,MATH 21A,PORTUG 62,
2,COMPSCI 50,FRENCH 64,GENED 1097,,
3,LIFESCI 1A,MATH 1A,PSY 1,,
4,ENGLISH 10,FRSEMR 72I,GENED 1181,SPANSH 30,
5,GENED 1181,GOV 1790,HIST-LIT 90EZ,SPANSH 30,
6,COMPSCI 50,ECON 10A,MATH 1A,,
7,ECON 10A,MATH QA,SPANSH 50,,
8,ECON 10A,ENGLISH 182,FRSEMR 41R,,
9,FRENCH 30,FRSEMR 65F,GENED 1130,,
10,FRSEMR 41K,GENED 1076,GOV 20,,
11,COMPSCI 50,ECON 10A,GENED 1120,,
12,ECON 10A,FRSEMR 72W,GENED 1175,GOV 20,
13,FRSEMR 25N,GENED 1012,GENED 1093,,
14,GENED 1074,WSTAFRCN AA,,,
15,FRSEMR 34X,GENED 1174,HIND-URD 101A,LIFESCI 1A,
16,GENED 1019,GENED 1120,MATH 1A,,
17,ECON 10A,FRSEMR 34X,GENED 1038,MATH 1A,
18,FRSEMR 64T,GENED 1181,MATH 1A,SPANSH 11,
19,ECON 10A,GENED 1074,GREEK 10,HUMAN 10A,
20,FRENCH 40,LIFESCI 1A,MATH 1B,,
21,CHNSE 120A,FRSEMR 26F,LIFESCI 1A,MATH 22A,
22,ECON 10A,ENG-SCI 139,MATH QA,,
23,LPS A,MATH 1A,SPANSH 20,,
24,FRSEMR 23P,MATH 55A,PHYSICS 16,,
25,GENED 1094,LPS A,MATH 1B,PHYSCI 2,
26,ECON 10A,LIFESCI 1A,MATH 21A,,
27,CHNSE 130A,FRSEMR 70P,GOV 1060,MATH 25A,
28,COMPSCI 50,FRSEMR 64I,GENED 1104,GENED 1120,
29,FRSEMR 33O,GENED 1038,SPANSH 10,,
30,ECON 10A,GENED 1131,ZULU AA,,
31,ECON 10A,GENED 1094,MATH MA,,
32,FRSEMR 26E,MATH 22A,PHYSICS 16,,
33,FRSEMR 30M,GENED 1102,SPANSH 10,,
34,COMPSCI 61,GENED 1074,MATH 55A,MUSIC 14,PHYSICS 143A
35,FRSEMR 26E,HUMAN 10A,KOREAN 130A,MATH 55A,
36,ECON 10A,ENG-SCI 139,GOV 20,,
37,FRSEMR 71R,GENED 1105,MATH 1A,,
38,CHNSE BA,COMPSCI 50,LIFESCI 1A,MATH 21A,
39,ECON 1017,FRSEMR 26J,GENED 1120,MATH 22A,MUSIC 107
40,FRSEMR 62U,GENED 1038,GOV 30,TDM 169S,
41,MATH 25A,MUSIC 14,PHYSICS 143A,PHYSICS 16,
42,GENED 1042,GENED 1175,MATH MA,,
43,GENED 1089,LIFESCI 1A,MATH 19A,,
44,BCS AA,GENED 1175,LIFESCI 1A,MATH MA,
45,ECON 10A,GENED 1038,MATH MA,,
46,ECON 10A,FRSEMR 72U,LIFESCI 1A,MATH 1B,
47,COMPSCI 50,MATH 1B,PHYSICS 19,,
48,FRSEMR 72I,GENED 1102,GOV 50,,
49,COMPSCI 50,FRSEMR 24Q,LIFESCI 1A,,
50,COMPLIT 153,FRSEMR 33X,GENED 1019,,
51,ENGLISH 185E,FRSEMR 35N,MATH 22A,PHYSICS 16,
52,COMPSCI 50,GENED 1104,LIFESCI 1A,MATH 1B,
53,AFRAMER 20,FRSEMR 72V,HIST-LIT 90EV,SOCIOL 1178,
54,FRSEMR 26F,GENED 1091,GENED 1183,MATH 55A,MUSIC 14
55,FRSEMR 62R,GENED 1074,GENED 1089,MATH MA,
56,ECON 10A,FRSEMR 72P,GENED 1140,,
57,FRSEMR 72U,LPS A,MATH 1A,,
58,CHNSE BX,FRSEMR 49N,GENED 1091,,
59,ENGLISH 10,FRSEMR 30Q,LPS A,,
60,FRSEMR 23C,MATH 55A,PHIL 140,PHYSICS 151,
61,FRSEMR 21W,LIFESCI 1A,MATH 1A,,
62,ECON 10A,FRSEMR 48K,GENED 1044,,
63,ECON 10A,FRSEMR 35N,HEB 1330,LPS A,
64,FRSEMR 43F,GENED 1183,LIFESCI 1A,MATH MA,
65,COMPSCI 50,ECON 10A,FRSEMR 26O,MATH 22A,
66,FRSEMR 72O,GOV 20,KOREAN BA,,
67,GENED 1071,MATH 21A,STAT 110,,
68,ECON 10A,GENED 1131,ZULU AA,,
69,ECON 10A,FRSEMR 31J,GENED 1102,MATH 1B,
70,FRSEMR 64O,GENED 1102,GOV 20,SPANSH 20,
71,GENED 1042,MATH 22A,PHYSICS 16,,
72,FRSEMR 64O,HIST-LIT 90FJ,HUMAN 10A,SPANSH 30,
73,ECON 10A,FRSEMR 35E,ITAL 10,LIFESCI 1A,
74,FRSEMR 65E,GOV 30,LING 73A,,
75,HIND-URD 101A,LIFESCI 50A,,,
76,GENED 1102,HIST-LIT 90FM,HISTSCI 1460,PSY 1,
77,COMPSCI 50,FRSEMR 25X,LIFESCI 1A,MATH 22A,
78,ECON 10A,FRSEMR 64I,MATH 1A,PHIL 34,
79,ECON 10A,FRSEMR 62U,MATH 1B,,
80,ECON 10A,GOV 1790,HUMAN 10A,MATH 21A,
81,ECON 10A,FRSEMR 71R,MATH 1A,,
82,COMPSCI 50,GENED 1091,MATH 21A,,
83,COMPSCI 50,FRSEMR 25X,LIFESCI 1A,,
84,ENGLISH 185E,GENED 1079,LPS A,MATH 1A,
85,GENED 1038,GENED 1102,GENED 1146,,
86,GOV 20,HIST 1465,MATH QA,,
87,ECON 10A,FRENCH 30,MATH 1B,,
88,ECON 10A,FRSEMR 62R,GENED 1130,MATH 1B,
89,COMPSCI 50,GENED 1074,MATH 1B,,
90,CHNSE BX,ECON 10A,MUSIC 107,MUSIC 189R,
91,COMPSCI 50,ECON 10A,FRSEMR 33O,MATH 22A,
92,FRSEMR 61F,GENED 1050,HUMAN 20,,
93,FRSEMR 43F,MATH 21A,PHYSICS 19,,
94,GENED 1074,HEB 1330,HIST 1412,HUMAN 10A,
95,ECON 10A,FRSEMR 26J,SPANSH 10,,
96,FRSEMR 65F,GENED 1102,GOV 50,YIDDISH 107,
97,ECON 10A,FRSEMR 33X,HUMAN 10A,TDM 109,
98,ECON 10A,LIFESCI 1A,MATH 1B,,
99,FRSEMR 64U,HISTSCI 1460,SOCIOL 1185,,
100,CHNSE BA,ECON 10A,GENED 1102,,
101,ENGLISH 10,PSY 1,SPANSH 20,,
102,ECON 10A,MATH 1A,PORTUG 30,,
103,ECON 10A,FRSEMR 23I,MATH 1A,,
104,COMPSCI 50,FRSEMR 23P,MATH 22A,MUSIC 107,
105,COMPSCI 50,FRSEMR 31J,GOV 30,MATH 1B,
106,ECON 10A,FRSEMR 72W,MATH 1A,,
107,ECON 10A,GENED 1038,MATH MA,,
108,CHNSE BA,GOV 20,MATH MA,,
109,GENED 1089,LPS A,MATH ESPA,MATH MA,
110,ECON 10A,FRSEMR 50P,LIFESCI 1A,,
111,ECON 10A,FRSEMR 72U,GENED 1183,,
112,GENED 1074,GREEK 116,LATIN 106A,PHIL 3,
113,COMPLIT 121X,EDST 103,GENED 1181,PHIL 3,
114,COMPSCI 50,GENED 1080,MATH 1B,,
115,FRSEMR 31J,GENED 1102,GOV 50,MUSIC 14,SPANSH 20
116,GENED 1181,LPS A,MATH 1B,,
117,GOV 20,MATH MA,SPANSH 10,,
118,COMPSCI 50,GENED 1038,MATH 55A,STAT 110,
119,CHNSE BX,COMPSCI 61,MATH 22A,STAT 110,
120,FRSEMR 23P,ITAL 10,MATH 1B,,
121,ECON 10A,FRSEMR 70P,GENED 1033,GOV 1290,
122,COMPSCI 50,FRSEMR 64T,LING 101,,
123,ECON 10A,ENG-SCI 139,MATH 1A,,
124,GENED 1042,LPS A,MATH MA,,
125,ECON 10A,GENED 1038,MATH 21A,STAT 110,
126,FRSEMR 64T,LIFESCI 50A,,,
127,COMPSCI 50,ECON 10A,FRSEMR 51H,,
128,ASTRON 17,MATH 22A,PHYSICS 19,,
129,ECON 10A,GENED 1175,MATH QA,,
130,FRSEMR 62U,LPS A,MATH MA,,
131,FRSEMR 65E,GOV 1790,HUMAN 10A,ROM-STD 162,
132,FRSEMR 51M,LIFESCI 1A,MATH 1A,,
133,FRENCH 10,LPS A,MATH ESPA,MATH MA,
134,FRSEMR 52C,HIST 15E,HIST-LIT 90FM,SPANSH 10,
135,FRENCH 20,GENED 1093,HISTSCI 1460,LIFESCI 1A,
136,ECON 10A,FRSEMR 41K,GENED 1093,HIST-LIT 90FU,
137,AMHARIC AA,ECON 10A,FRSEMR 70P,MATH 21A,
138,COMPSCI 50,FRSEMR 64Z,MATH 1A,,
139,FRSEMR 33R,LIFESCI 1A,MATH 22A,,
140,LIFESCI 1A,MATH 1B,SLAVIC 118,,
141,APMTH 22A,COMPSCI 50,FRSEMR 51H,LIFESCI 1A,
142,APMTH 22A,COMPSCI 50,ECON 1021,FRSEMR 65E,
143,GENED 1102,GENED 1130,SPANSH 10,,
144,COMPSCI 50,FRENCH 30,MATH 1B,,
145,FRSEMR 40P,LIFESCI 1A,MATH 22A,,
146,ECON 10A,FRSEMR 62R,GENED 1102,GENED 1181,
147,ECON 10A,FRSEMR 30M,GENED 1131,,
148,FRSEMR 41K,GENED 1071,GENED 1146,,
149,EMR 1010,FRSEMR 30Q,GOV 50,,
150,CHNSE BX,ECON 10A,FRSEMR 62I,MATH 21A,
151,FRSEMR 30Q,ITAL 10,LIFESCI 1A,MATH MA,
152,ENGLISH 102M,FRSEMR 72T,GENED 1104,HIST 1223,
153,COMPSCI 50,ECON 10A,FRSEMR 43J,MATH 21A,
154,ARABIC BA,HUMAN 10A,LIFESCI 1A,MATH 21A,
155,ECON 10A,FRSEMR 30M,GENED 1038,GENED 1183,
156,FRSEMR 26E,HUMAN 10A,MATH 55A,PSY 14,
157,ECON 10A,FRSEMR 43J,GERMAN 20A,HUMAN 10A,
158,ECON 10A,LIFESCI 1A,SPANSH 10,,
159,COMPSCI 50,GENED 1038,GENED 1146,MATH 1B,
160,FRSEMR 50Y,LIFESCI 1A,MATH 21A,,
161,ECON 10A,GENED 1038,SPANSH 11,,
162,FRSEMR 72I,GENED 1130,MATH QA,,
163,FRSEMR 30M,GENED 1038,HUMAN 20,MATH 1A,
164,ECON 10A,GENED 1038,MATH MA,,
165,COMPSCI 50,MATH 22A,SPANSH 11,,
166,ECON 10A,FRSEMR 60R,PHYSICS 19,SPANSH 40,
167,GENED 1074,LATIN 1,PHIL 3,,
168,FRSEMR 41R,GENED 1012,GENED 1102,GOV 1790,
169,LIFESCI 1A,MATH MA,SPANSH 20,,
170,COMPSCI 50,ESE 50,FRSEMR 64Z,MATH 21A,
171,GENED 1038,KOREAN 120A,LIFESCI 1A,MATH MA,
172,EMR 151,GENED 1102,GENED 1146,,
173,COMPSCI 50,ECON 10A,MATH 22A,,
174,ECON 10A,GENED 1104,MATH MA,,
175,FRENCH 10,FRSEMR 64U,SOCIOL 1000,,
176,AFVS 52,ECON 10A,FRSEMR 65F,,
177,CHNSE 120A,FRSEMR 43J,GENED 1053,,
178,GENED 1091,LIFESCI 1A,MATH MA,,
179,FRSEMR 23I,MATH 1B,ZULU AA,,
180,COMPSCI 61,FRSEMR 49N,MATH 22A,,
181,ASTRON 17,FRSEMR 21V,PHYSICS 19,,
182,ECON 10A,LATIN 1,MATH 1B,,
183,E-PSCI 50,MATH MA,RUSS BA,,
184,ECON 10A,FRSEMR 35E,GENED 1093,,
185,COMPSCI 50,ECON 10A,FRSEMR 70P,MATH 22A,
186,ECON 10A,FRSEMR 71G,GENED 1120,SPANSH 10,
187,COMPSCI 50,MATH 22A,PHIL 6,,
188,COMPSCI 50,ECON 10A,GENED 1074,MUSIC 107,STAT 110
189,FRSEMR 34X,GOV 50,GREEK 10,HUMAN 10A,
190,GENED 1079,LIFESCI 1A,MATH 21A,PSY 14,
191,FRSEMR 72R,LIFESCI 1A,MATH 1B,,
192,COMPSCI 50,FRSEMR 35N,MATH 1B,,
193,FRSEMR 23C,GENED 1131,LIFESCI 50A,,
194,ASTRON 2,GENED 1074,LATIN 117,,
195,FRSEMR 24G,LPS A,MATH 1A,,
196,COMPSCI 50,EDST 103,MATH MA,,
197,COMPSCI 50,GENED 1038,MATH 22A,,
198,FRENCH 20,FRSEMR 72P,GENED 1130,SOCIOL 1197,
199,FRSEMR 30Q,GENED 1038,LIFESCI 1A,MATH 21A,
200,ECON 10A,FRSEMR 72O,SPANSH 30,,
201,CHNSE 130XA,FRSEMR 65C,GOV 20,,
202,CHNSE BA,LPS A,MATH 1A,,
203,EASTD 154,GOV 20,JAPAN 130A,,
204,EMR 1010,GENED 1089,MATH MA,,
205,COMPSCI 50,FRSEMR 63L,HISTSCI 100,LPS A,
206,APPHY 50A,FRSEMR 27I,LPS A,MATH 1A,
207,COMPSCI 50,GENED 1053,HUMAN 10A,MATH 22A,
208,COMPSCI 50,ECON 10A,FRSEMR 70P,MATH 21A,
209,COMPSCI 50,ECON 10A,FRSEMR 26F,MATH 1A,
210,COMPSCI 50,FRSEMR 71Y,GENED 1103,MATH 22A,MUSIC 107
211,FRSEMR 26O,LPS A,MATH 21A,,
212,ECON 10A,FRSEMR 25N,PSY 1,,
213,FRSEMR 62Z,GENED 1050,SOCIOL 1000,SOCIOL 1197,
214,ECON 10A,GENED 1011,MATH 1A,PSY 1,
215,GENED 1069,LIFESCI 1A,MATH 22A,,
216,ECON 10A,FRSEMR 43J,MATH 1B,,
217,FRSEMR 72P,HIST 1223,MATH 21A,,
218,GENED 1089,MATH 21A,MCB 60,PHYSICS 15A,
219,CHNSE 120A,ECON 10A,HIST 1602,HUMAN 10A,
220,GENED 1093,LIFESCI 1A,MATH 19A,,
221,FRSEMR 43F,LPS A,STAT 100,,
222,CHNSE 120A,ECON 10A,FRSEMR 72T,HUMAN 10A,
223,ECON 10A,FRSEMR 71G,GOV 50,SPANSH 10,
224,COMPSCI 50,ECON 10A,MATH 22A,,
225,COMPSCI 50,MATH 22A,STAT 110,,
226,COMPSCI 50,FRSEMR 51S,GENED 1175,MATH 21A,
227,ECON 10A,GENED 1130,NEP 101A,,
228,ENGLISH 10,FRSEMR 61F,LATIN 1,MATH MA,
229,COMPSCI 50,FRSEMR 35E,GENED 1146,MATH 1B,
230,ENGLISH 187AA,FRSEMR 72R,MATH MA,,
231,COMPSCI 50,ECON 10A,MATH 22A,,
232,FRSEMR 72P,GENED 1102,SPANSH 10,,
233,APMTH 10,FRSEMR 26E,MATH 21A,SPANSH 40,
234,FRSEMR 21V,HUMAN 10A,MATH 22A,PHYSICS 19,
235,COMPSCI 50,FRSEMR 24G,MATH 1B,,
236,FRSEMR 61F,MATH MA,PSY 1,,
237,GENED 1038,GENED 1144,HUMAN 10A,PSY 1,
238,AFVS 51S,ECON 10A,GENED 1094,MATH 21A,
239,FRSEMR 72R,LIFESCI 1A,MATH MA,,
240,ECON 10B,GENED 1105,LIFESCI 1A,MATH 21A,
241,ECON 1010A,FRSEMR 23P,MATH 25A,,
242,COMPSCI 50,ECON 10A,GENED 1097,LIFESCI 1A,MUSIC 107
243,FRSEMR 26E,HUMAN 10A,MATH 21A,PHYSICS 15A,
244,ECON 10A,GENED 1130,SOCIOL 1000,,
245,COMPSCI 50,FRSEMR 51H,GENED 1120,MATH 22A,
246,ECON 10A,GOV 1249,MATH QA,ZULU AA,
247,AFVS 76,FRSEMR 52C,HUMAN 20,,
248,ECON 10A,FRSEMR 62U,MATH QA,,
249,AFRAMER 20,ECON 10A,FRSEMR 62R,GENED 1130,
250,FRSEMR 43F,GENED 1093,LIFESCI 1A,MATH 1B,
251,LPS A,MATH 1A,PSY 14,,
252,COMPSCI 50,ECON 10A,FRSEMR 26F,GENED 1091,MUSIC 107
253,GENED 1144,LIFESCI 1A,MATH 21A,STAT 110,
254,COMPSCI 50,ECON 10A,GENED 1011,MATH 1B,
255,GOV 1540,PERSIAN 130AR,PHIL 27,,
256,GENED 1038,GENED 1044,GERMAN 10A,MATH 55A,
257,COMPSCI 50,LIFESCI 1A,LING 73A,MATH 19A,
258,ENG-SCI 139,ENG-SCI 53,GENED 1053,,
259,COMPSCI 50,ECON 10A,GENED 1038,,
260,FRSEMR 35N,GENED 1074,HIST-LIT 90FB,SPANSH 50,
261,CHNSE 136R,FRSEMR 62Z,HUMAN 10A,MATH 22A,
262,ECON 10A,GENED 1011,PHIL 34,,
263,ENGLISH CAJR,FRSEMR 63R,GENED 1131,LATIN 10,
264,COMPSCI 50,GENED 1038,MATH 25A,PHYSICS 19,
265,ECON 10A,GENED 1120,MATH 22A,STAT 110,
266,ECON 10A,FRSEMR 51H,LIFESCI 1A,MATH 22A,
267,COMPSCI 50,FRSEMR 50P,PSY 1,,
268,ECON 10A,FRSEMR 64O,GENED 1042,JAPAN BA,
269,FRSEMR 24G,LIFESCI 1A,MATH 22A,,
270,FRSEMR 52C,GOV 1249,GOV 50,KORLIT 134,
271,CHNSE BA,GENED 1091,MATH 1B,,
272,COMPSCI 50,LIFESCI 1A,MATH 21A,,
273,COMPSCI 50,ECON 1017,MATH 22A,,
274,FRSEMR 72I,GENED 1011,MATH 1A,,
275,ECON 10A,FRSEMR 62Z,SPANSH 11,STAT 100,
276,COMPSCI 50,GENED 1080,MATH MA,,
277,FRENCH 20,FRSEMR 65F,GENED 1130,GOV 1249,
278,COMPSCI 50,ECON 10A,GENED 1038,MATH 1B,
279,COMPSCI 50,ECON 10A,FRSEMR 70P,MATH MA,
280,ECON 10A,FRSEMR 71Y,MATH 1A,,
281,ECON 10A,FRSEMR 49G,MATH 22A,,
282,AMHARIC BA,GENED 1071,GENED 1093,GHHP 30,
283,ECON 10A,GENED 1053,GOV 20,HIST 1223,
284,COMPSCI 50,FRSEMR 61F,GENED 1012,GOV 20,
285,FRSEMR 34X,LIFESCI 1A,NEURO 80,,
286,ECON 10A,FRSEMR 25N,MATH 1A,,
287,FRSEMR 21W,GENED 1104,MATH 22A,,
288,FRSEMR 71R,GENED 1093,GENED 1094,ITAL 20,
289,CLS-STDY 97A,GENED 1102,GOV 30,,
290,CHNSE 130A,COMPSCI 50,MATH MA,,
291,ECON 10A,FRSEMR 62Z,LPS A,MATH MA,
292,GENED 1131,LATIN 1,LIFESCI 50A,,
293,ECON 10A,ECON 10B,MATH 18A,,
294,ENGLISH 185E,FRSEMR 63L,HUMAN 10A,SPANSH 20,
295,COMPSCI 50,ECON 1011A,MATH 55A,,
296,FRSEMR 25N,GENED 1053,LIFESCI 1A,PSY 1,
297,ANTHRO 1255,ECON 10A,GENED 1094,SOCIOL 1000,
298,ECON 10A,ISLAMCIV 145B,MATH 21A,,
299,COMPSCI 50,GENED 1140,GOV 30,MATH MA,
300,GENED 1091,LIFESCI 1A,ZULU AA,,
301,AFVS 107,FRSEMR 64Y,GENED 1076,,
302,GENED 1074,GENED 1104,LIFESCI 50A,,
303,FRSEMR 50Y,HISTSCI 100,LIFESCI 1A,MATH 21A,
304,ENGLISH 10,GENED 1140,GOV 1790,SPANSH 10,
305,COMPLIT 107,COMPSCI 50,MATH 22A,,
306,APMTH 22A,ENG-SCI 155,HIND-URD 101A,,
307,COMPSCI 50,FRSEMR 26O,LIFESCI 1A,MATH 1B,
308,GENED 1089,GOV 30,SOCIOL 1119,,
309,ECON 10A,GENED 1144,MATH 1A,,
310,COMPSCI 50,FRSEMR 26J,MATH 21A,,
311,FRENCH 50,FRSEMR 63L,LIFESCI 1A,,
312,FRENCH 50,GENED 1069,MATH 1B,PSY 1,
313,CHNSE BA,COMPSCI 50,ECON 10A,STAT 100,
314,EMR 151,LPS A,MATH 21A,,
315,FRSEMR 51F,LPS A,MATH 1A,SPANSH 20,
316,LPS A,MATH ESPA,MATH MA,SOCIOL 1000,
317,CHNSE BX,COMPSCI 50,ECON 10A,,
318,GENED 1042,GENED 1080,MUSIC 51A,PHIL 34,
319,CHNSE BA,ECON 10A,FRSEMR 49G,,
320,ECON 10A,FRSEMR 43J,ZULU AA,,
321,FRSEMR 40P,LPS A,MATH MA,,
322,APPHY 50A,ECON 10A,LIFESCI 1A,MATH 22A,
323,FRSEMR 24Q,GENED 1053,LIFESCI 1A,PSY 1,
324,FRSEMR 62L,GENED 1105,LIFESCI 1A,MATH 1B,
325,ECON 10A,GENED 1038,MATH QA,,
326,FRSEMR 64I,LIFESCI 1A,MATH 1B,MUSIC 16,
327,FRSEMR 30M,GENED 1038,TDM 130R,,
328,ARABIC AA,FRSEMR 33X,GENED 1105,HUMAN 10A,
329,ECON 10A,GENED 1093,GOV 30,SPANSH 30,
330,COMPSCI 50,FRSEMR 25X,MATH 25A,MUSIC 107,STAT 110
331,GENED 1042,HUMAN 10A,MATH 55A,STAT 110,
332,ECON 10A,FRSEMR 72M,HIST 1023,,
333,ECON 10A,FRSEMR 26F,MATH 22A,,
334,ECON 10A,FRSEMR 70P,SPANSH 11,,
335,ECON 10A,FRSEMR 62U,GENED 1079,,
336,GENED 1144,LIFESCI 1A,MATH 21A,SPANSH 50,
337,AFVS 76,MATH QA,PORTUG 10,PSY 1,
338,FRSEMR 21W,GENED 1094,LIFESCI 1A,MATH 1A,
339,FRSEMR 40P,LIFESCI 1A,MATH ESPA,MATH MA,PORTUG 10
340,COMPSCI 50,ECON 10A,FRSEMR 26O,GENED 1104,
341,COMPSCI 50,ECON 10A,MATH 1B,,
342,GENED 1102,LIFESCI 50A,MATH 22A,,
343,APMTH 22A,ECON 10B,FRENCH 10,,
344,ENGLISH CNSR,FRSEMR 62I,LIFESCI 50A,,
345,COMPSCI 50,ECON 10A,GENED 1069,SPANSH 40,
346,COMPLIT 157,PHIL 140,PHIL 6,,
347,GENED 1089,LPS A,MATH 1B,,
348,ECON 10A,GENED 1019,MATH MA,,
349,LIFESCI 1A,MATH 1A,SPANSH 10,,
350,GENED 1093,LPS A,MATH 1A,,
351,FRSEMR 50V,GENED 1018,MATH 1A,,
352,FRSEMR 72M,GENED 1146,LPS A,,
353,FRENCH 30,FRSEMR 72P,MATH MA,,
354,FRSEMR 40P,GENED 1105,LIFESCI 1A,,
355,ECON 10A,FRSEMR 34X,GENED 1120,MATH 18A,
356,COMPSCI 61,GENED 1074,MATH 55A,,
357,ECON 10A,FRSEMR 50Y,MATH 21A,,
358,AFVS 52,ASTRON 2,FRSEMR 65E,ITAL 30,
359,ECON 10A,FRSEMR 50Y,GENED 1181,MATH 21A,
360,CHNSE 130XA,FRSEMR 72P,GENED 1033,MATH 1B,
361,ENGLISH 10,GENED 1091,GENED 1183,HUMAN 10A,
362,COMPSCI 50,MATH 22A,STAT 110,,
363,FRSEMR 21V,MATH 22A,PHYSICS 19,PORTUG 20,
364,GENED 1038,LPS A,MATH ESPA,MATH MA,MUSIC 107
365,CHNSE BX,MATH 22A,PHYSICS 19,,
366,ECON 10A,FRSEMR 33C,GENED 1093,,
367,FRSEMR 50P,SOCIOL 1000,STAT 100,,
368,GENED 1038,LPS A,PSY 1,,
369,FRSEMR 72V,MATH MA,SOCIOL 1000,,
370,GENED 1053,LIFESCI 1A,MATH 19A,,
371,ECON 10A,FRSEMR 71R,MATH MA,,
372,FRSEMR 71Y,GENED 1076,MUSIC 14,SOCIOL 1000,SPANSH 40
373,GENED 1080,LIFESCI 1A,MATH ESPA,MATH MA,
374,FRSEMR 49G,MATH MA,SPANSH 20,,
375,FRSEMR 62R,MATH 21A,,,
376,ECON 1010A,GENED 1074,STAT 110,,
377,COMPSCI 50,GENED 1166,MATH MA,SPANSH 10,
378,GENED 1071,MATH MA,PSY 1,ZULU AA,
379,ECON 1011A,LATIN 106A,MATH 55A,STAT 210,
380,ENGLISH 10,FRSEMR 64U,GENED 1102,GENED 1146,
381,ENGLISH 10,FRENCH 10,FRSEMR 65E,GENED 1038,
382,ECON 1010A,FRSEMR 42H,GENED 1094,MATH 1B,
383,FRSEMR 21V,GENED 1018,MATH 1B,,
384,GENED 1093,LPS A,MATH 1A,SPANSH 30,
385,AFRIKAAN AA,ENG-SCI 139,HIST 1223,,
386,GENED 1018,MATH MA,WSTAFRCN AA,,
387,COMPSCI 50,ECON 10A,GENED 1038,PHIL 34,
388,COMPSCI 50,MATH MA,ZULU AA,,
389,AFVS 35R,COMPSCI 50,ECON 10A,MATH 22A,
390,ECON 10A,MATH MA,WSTAFRCN AA,,
391,GENED 1038,LIFESCI 1A,MATH 1A,,
392,ECON 10A,ENG-SCI 139,MATH 18A,SPANSH 20,
393,GENED 1175,LIFESCI 1A,MATH 19A,PSY 18,
394,GENED 1144,LIFESCI 50A,,,
395,FRSEMR 64T,HISTSCI 100,HUMAN 10A,LIFESCI 1A,
396,ECON 10A,GENED 1120,GENED 1181,MATH 1A,
397,COMPLIT 107,COMPSCI 50,FRSEMR 35E,,
398,ECON 10A,FRSEMR 60R,WSTAFRCN AA,,
399,FRSEMR 43F,LATIN 1,LIFESCI 1A,MATH 1B,
400,ECON 10A,FRSEMR 65E,GENED 1102,,
401,ECON 10A,FRSEMR 72W,GOV 1290,,
402,GENED 1042,MATH 21A,PHYSICS 15A,TDM 120,
403,ECON 10A,GENED 1120,GENED 1181,,
404,FRSEMR 65C,GENED 1079,GENED 1144,PSY 1,
405,ENG-SCI 139,GENED 1071,GOV 30,KOREAN BA,
406,FRSEMR 72P,GENED 1019,GENED 1104,HUMAN 20,
407,MATH 21A,PHYSICS 19,SPANSH 72,,
408,FRSEMR 72M,GENED 1181,HISTSCI 100,,
409,HIST-LIT 90FS,HUMAN 10A,MUSIC 15,PSY 1,SPANSH 61N
410,ECON 10A,GENED 1074,MATH 1A,MUSIC 107,MUSIC 189R
411,COMPSCI 50,GENED 1038,MATH 22A,,
412,APMTH 22A,COMPSCI 73,COMPSCI 79,FRSEMR 33R,
413,COMPSCI 50,ECON 10A,FRSEMR 43J,MATH 25A,MUSIC 189R
414,COMPSCI 50,GENED 1033,MATH 22A,STAT 110,
415,COMPSCI 61,GENED 1018,GENED 1103,MATH 21B,
416,HISTSCI 100,LPS A,MATH MA,,
417,ECON 10A,GENED 1019,GENED 1079,MATH 1B,
418,ANTHRO 1250,LIFESCI 50A,PHYSICS 19,,
419,ARABIC AA,ECON 1010A,FRSEMR 71G,,
420,COMPSCI 50,FRSEMR 26F,GENED 1104,MATH 55A,
421,ECON 10A,FRSEMR 23I,GERMAN 10A,,
422,COMPSCI 50,MATH 21B,SPANSH 11,,
423,FRSEMR 62L,GENED 1102,MATH 22A,PHYSICS 15A,
424,ECON 10B,GENED 1019,MATH 18A,,
425,ECON 10A,LIFESCI 1A,MATH 1B,,
426,COMPSCI 50,GENED 1089,LIFESCI 1A,PSY 1,
427,COMPSCI 50,HIST-LIT 90EJ,HUMAN 10A,MATH 22A,
428,COMPSCI 50,GENED 1038,MATH MA,,
429,FRSEMR 43F,GENED 1093,LPS A,MATH 1A,
430,ANTHRO 1255,ECON 10A,FRSEMR 50P,,
431,APCOMP 209A,MATH 22A,STAT 110,,
432,ECON 10A,FRSEMR 60C,HIST 1270,ITAL 10,
433,COMPSCI 50,GENED 1018,GENED 1131,MATH 1A,
434,FRSEMR 30M,HUMAN 10A,SOCIOL 1197,SPANSH 11,
435,CHNSE BA,COMPSCI 50,FRSEMR 70P,MATH 21A,
436,COMPSCI 50,GENED 1130,MATH ESPA,MATH MA,WSTAFRCN AA
437,COMPSCI 50,GENED 1104,MATH 21B,,
438,ENGLISH CAJR,FRSEMR 72R,GOV 1540,,
439,FRSEMR 64I,GENED 1103,LIFESCI 1A,MATH 21A,
440,ECON 10A,GENED 1074,MATH MA,,
441,GENED 1091,LIFESCI 1A,MATH 1A,,
442,COMPSCI 50,FRSEMR 72T,GOV 20,,
443,FRSEMR 24Q,LPS A,MATH 19A,PHYSCI 2,
444,FRSEMR 49N,MATH QA,SOCIOL 1000,,
445,ECON 10A,FRSEMR 42H,GENED 1181,SPANSH 11,
446,ECON 10A,FRSEMR 64O,MATH 18A,,
447,ECON 10A,FRSEMR 71R,GENED 1114,MATH 1B,
448,ENGLISH 10,MATH 22A,PHIL 34,PHYSICS 19,
449,COMPSCI 50,MATH 22A,SPANSH 10,,
450,EGYPTARB AA,GENED 1091,GOV 1790,HUMAN 10A,
451,ECON 10A,FRSEMR 72U,GENED 1074,GOV 20,
452,GENED 1038,GOV 20,HIST 1223,,
453,ECON 10A,GENED 1120,MATH 1B,SPANSH 11,
454,ECON 10A,ECON 1133,GENED 1181,MATH 1B,
455,FRSEMR 65C,GENED 1181,SOCIOL 1197,SPANSH 40,
456,ECON 10A,GENED 1079,MATH MA,,
457,ECON 10A,GENED 1080,LIFESCI 1A,,
458,FRENCH 30,GENED 1094,HAA 61G,HUMAN 10A,
459,ECON 10A,FRSEMR 62L,GENED 1069,SPANSH 10,
460,GENED 1104,PSY 1,SPANSH 40,,
461,ECON 10A,GOV 1008,MATH 1A,,
462,COMPSCI 50,FRSEMR 33O,MATH 22A,,
463,FRSEMR 50V,HIST-LIT 90FJ,HUMAN 10A,ITAL 10,
464,COMPSCI 121,FRSEMR 33C,GENED 1102,MATH 25A,
465,COMPSCI 50,ECON 10A,FRSEMR 71G,,
466,GENED 1038,LIFESCI 1A,MATH 21A,,
467,COMPSCI 50,FRSEMR 72W,MATH 1A,,
468,ENGLISH 10,ENGLISH CNFR,GENED 1104,MATH 22A,
469,FRSEMR 27I,LIFESCI 1A,MATH 21A,,
470,COMPSCI 50,JAPAN BA,MATH 21A,,
471,FRSEMR 65C,LIFESCI 50A,,,
472,CHNSE BX,COMPSCI 50,GENED 1181,,
473,COMPSCI 50,ECON 10A,FRSEMR 33X,,
474,COMPSCI 61,MATH 22A,STAT 110,,
475,ECON 10A,HIST 1602,LATIN 1,MATH 1A,
476,ECON 10A,GENED 1102,GOV 1249,HUMAN 10A,
477,LIFESCI 50A,MATH 21A,,,
478,COMPSCI 50,ECON 10A,GENED 1042,MATH 22A,
479,GENED 1038,LIFESCI 1A,MATH 1B,,
480,ECON 10A,GENED 1079,MATH QA,,
481,ECON 10A,GENED 1038,PORTUG 10S,,
482,ECON 10A,FRSEMR 26F,RUSS BA,,
483,FRSEMR 30Q,JAPAN 120A,LIFESCI 1A,MATH 19A,
484,COMPSCI 50,LIFESCI 1A,MATH 1A,,
485,GENED 1053,MATH 21A,NEURO 80,,
486,FRSEMR 33C,MATH QA,SOCIOL 1000,,
487,FRSEMR 61U,LPS A,MATH 1A,SPANSH 11,
488,ECON 10A,FRSEMR 43F,GENED 1019,,
489,ECON 10A,FRSEMR 50Y,MATH 1B,,
490,AFRAMER 115Y,ECON 10A,GENED 1120,,
491,FRSEMR 51S,GENED 1105,GOV 20,,
492,ECON 10A,GENED 1093,LPS A,MATH 21A,
493,CHNSE BX,COMPSCI 50,ECON 10A,GENED 1104,
494,FRSEMR 72V,GOV 30,SPANSH 10,,
495,FRSEMR 24G,LIFESCI 1A,MATH MA,MUSIC 14,
496,FRSEMR 63R,LATIN 3,MATH 1B,STAT 100,
497,CHNSE BA,ECON 10A,MATH MA,,
498,COMPSCI 50,GENED 1079,MATH 1B,PHIL 34,
499,ECON 10A,FRSEMR 71Y,GENED 1094,,
500,FRSEMR 30M,HUMAN 10A,LPS A,MUSIC 51A,
501,ECON 10A,GENED 1019,GENED 1038,ZULU AA,
502,COMPSCI 50,MATH 55A,STAT 110,,
503,ECON 10A,FRENCH 20,GENED 1038,,
504,FRSEMR 23P,MATH 22A,PHYSICS 19,,
505,ECON 10A,PHIL 34,YORUBA AA,,
506,ECON 10A,ENGLISH 10,HUMAN 10A,MATH 1B,
507,ECON 10A,FRSEMR 30Q,HUMAN 10A,MATH 21A,
508,COMPSCI 50,MATH ESPA,MATH MA,SPANSH 20,
509,ECON 10A,FRSEMR 64O,GOV 20,,
510,LPS A,MATH 1A,SPANSH 20,,
511,FRSEMR 41K,GENED 1076,SOCIOL 1000,,
512,ECON 10A,FRSEMR 43J,JAPAN BA,,
513,COMPSCI 50,FRSEMR 31J,HUMAN 10A,MATH 22A,
514,ECON 10A,GENED 1091,GENED 1093,,
515,COMPSCI 61,FRENCH 64,MATH 22A,STAT 110,
516,FRSEMR 65E,GERMAN 10A,MATH QA,,
517,CHNSE BX,ECON 10A,LPS A,MATH 1A,
518,COMPSCI 61,ECON 10A,MATH 25A,STAT 110,
519,GENED 1093,LIFESCI 1A,MATH 1B,,
520,FRSEMR 33C,GENED 1019,HUMAN 10A,SPANSH 40,
521,COMPSCI 50,KOREAN BA,LPS A,,
522,FRSEMR 52C,MATH MA,SPANSH 11,,
523,ECON 10A,FRSEMR 50V,MATH 21A,PHYSICS 15A,
524,FRSEMR 71R,GENED 1044,GENED 1094,MATH 22A,
525,ECON 10A,MATH MA,,,
526,ECON 10A,FRSEMR 49G,GOV 20,,
527,FRSEMR 63R,GENED 1105,ITAL 10,,
528,COMPSCI 50,LIFESCI 1A,MCB 80,,
529,ECON 10A,GENED 1038,GENED 1144,MATH MA,
530,FRSEMR 26E,GENED 1174,LIFESCI 1A,MATH 19A,
531,COMPSCI 50,FRSEMR 64Y,MATH 21A,,
532,APPHY 50A,FRSEMR 33C,MATH 1B,,
533,GENED 1181,KOREAN BA,LIFESCI 1A,MATH 1A,
534,COMPSCI 50,FRSEMR 31J,GENED 1018,GENED 1120,
535,FRSEMR 64U,GENED 1175,GOV 20,KOREAN BA,
536,FRSEMR 48K,GERMAN 20A,GOV 1780,HUMAN 10A,
537,EMR 1010,GENED 1038,GENED 1089,,
538,FRSEMR 62I,MATH 55A,PHIL 34,PHYSICS 19,
539,FRSEMR 64U,PHIL 34,SPANSH 10,,
540,GENED 1080,LIFESCI 1A,MATH MA,,
541,CHNSE 120A,COMPSCI 50,MATH 22A,,
542,FRSEMR 64T,GENED 1076,HIST-LIT 90FS,ITAL 20,
543,COMPSCI 50,GENED 1080,MATH 1B,,
544,GENED 1044,GENED 1144,LIFESCI 1A,MATH 1A,
545,FRSEMR 51M,MATH 18A,PSY 1,,
546,COMPSCI 50,GENED 1181,MATH 55A,STAT 110,
547,FRSEMR 43J,MATH 21A,PHYSICS 15A,,
548,FRSEMR 35E,GENED 1018,ITAL 10,MATH 1A,
549,COMPSCI 50,FRSEMR 72O,GOV 20,,
550,FRSEMR 33R,LIFESCI 1A,MATH 21A,,
551,FRSEMR 41K,GOV 1540,SPANSH 11,,
552,COMPSCI 50,FRSEMR 62L,GENED 1104,MATH 1B,
553,FRSEMR 21V,MATH 22A,PHYSICS 16,,
554,COMPSCI 50,GENED 1011,MATH 22A,STAT 110,
555,COMPSCI 50,GENED 1175,LIFESCI 1A,,
556,ECON 10A,FRSEMR 49N,MUSIC 10,MUSIC 189R,
557,COMPSCI 50,JAPAN BA,MATH ESPA,MATH MA,
558,GENED 1102,MATH MA,,,
559,ECON 10A,GENED 1140,SOCIOL 1000,,
560,LIFESCI 1A,MATH ESPA,MATH MA,SPANSH 10,
561,GENED 1038,GOV 30,SPANSH 167,,
562,GENED 1033,LIFESCI 1A,MATH 1B,,
563,CHNSE BA,ECON 10A,ENGLISH 10,,
564,FRSEMR 33R,LIFESCI 1A,MATH 1B,SPANSH 30,
565,COMPSCI 50,KOREAN BA,LIFESCI 1A,MUSIC 10,
566,GENED 1089,LPS A,MATH ESPA,MATH MA,
567,ECON 10A,FRSEMR 71R,MATH 1A,,
568,FRSEMR 72R,GENED 1104,MATH 22A,,
569,COMPSCI 50,GENED 1181,LIFESCI 1A,,
570,COMPSCI 50,FRSEMR 25X,LIFESCI 1A,MATH 1B,
571,ECON 10A,GENED 1038,LPS A,,
572,ECON 10A,FRSEMR 50P,GENED 1050,,
573,GENED 1093,LIFESCI 1A,MATH 1A,SPANSH 11,
574,ENGLISH 10,FRSEMR 26O,GENED 1181,PSY 1,
575,GENED 1181,MATH 55A,PHYSICS 19,STAT 110,
576,COMPSCI 61,ECON 10A,FRSEMR 62Z,MATH 21B,
577,ENGLISH CFE,LIFESCI 1A,MATH 21A,,
578,FRSEMR 51F,GENED 1102,GOV 1290,STAT 100,
579,ARABIC AA,COMPSCI 50,ECON 10A,,
580,ECON 10A,FRSEMR 21W,GENED 1102,LPS A,
581,MATH 55A,PHIL 140,STAT 110,,
582,GENED 1089,LIFESCI 1A,MATH MA,,
583,LIFESCI 1A,MATH 21A,PSY 1,,
584,FRSEMR 25N,LPS A,MATH 1A,,
585,GENED 1102,GOV 50,SOCIOL 1000,,
586,ECON 10B,GOV 20,SPANSH 11,,
587,ECON 10A,LIFESCI 1A,MATH 1A,,
588,ECON 10A,GENED 1089,MATH 1A,,
589,COMPLIT 109,FRSEMR 33R,HUMAN 20,LING 101,
590,AMHARIC BA,LIFESCI 1A,MATH 1A,,
591,MATH 22A,PHIL 34,STAT 110,,
592,GENED 1089,LPS A,MATH 1A,,
593,ARABIC AA,ENGLISH 20,GOV 1060,WOMGEN 1208,
594,ECON 10A,GENED 1120,MATH 1B,SPANSH 10,
595,COMPSCI 50,ECON 10A,HIST-LIT 90FM,MATH 22A,
596,COMPSCI 50,ECON 10A,GENED 1102,MATH 1A,
597,LPS A,MATH MA,SPANSH 10,,
598,ECON 10A,GENED 1120,MATH 18A,SPANSH 10,
599,COMPSCI 50,MATH MA,,,
600,FRSEMR 43F,GENED 1181,LIFESCI 1A,MATH 1B,
601,COMPSCI 50,GENED 1071,GENED 1130,MATH 1A,
602,FRENCH 10,GENED 1033,LPS A,MATH 1B,
603,FRSEMR 26E,LIFESCI 50A,,,
604,AFVS 118C,ENGLISH CNL,FRSEMR 72W,GOV 20,
605,ECON 10A,FRSEMR 71G,HUMAN 10A,SPANSH 30,
606,FRSEMR 21W,GENED 1094,GENED 1103,PSY 1,
607,ECON 10A,GENED 1089,MATH MA,SPANSH 10,
608,FRSEMR 31J,GENED 1094,LIFESCI 50A,,
609,FRENCH 11,FRSEMR 35E,GOV 20,,
610,ECON 10A,GENED 1033,GENED 1038,,
611,FRSEMR 72S,LPS A,MATH MA,,
612,ECON 10A,FRSEMR 24G,GENED 1183,LIFESCI 1A,
613,CHNSE BA,COMPSCI 109A,GENED 1033,MATH 21A,
614,ECON 10A,FRENCH 10,MATH MA,,
615,FRSEMR 63L,GENED 1102,SPANSH 20,,
616,COMPSCI 50,ECON 10A,FRSEMR 42H,,
617,GENED 1074,LPS A,MATH MA,,
618,APPHY 50A,GENED 1146,LIFESCI 1A,MATH 1B,
619,FRSEMR 62R,GENED 1012,GENED 1140,GOV 30,
620,ENGLISH 10,FRSEMR 62I,GENED 1012,LATIN 1,
621,ECON 10A,FRSEMR 33C,GENED 1120,MATH 21A,
622,GENED 1033,LPS A,MATH ESPA,MATH MA,
623,COMPSCI 50,GENED 1120,MATH 22A,,
624,LPS A,MATH MA,SAS 100R,,
625,ECON 10A,MODGRK AA,STAT 104,,
626,FRSEMR 51F,GENED 1093,LIFESCI 1A,MATH 22A,
627,GENED 1144,LIFESCI 1A,MATH 1A,,
628,COMPSCI 50,ECON 10A,GENED 1042,MATH 21A,
629,GENED 1103,GENED 1130,GENED 1146,,
630,GENED 1148,LPS A,MATH ESPA,MATH MA,
631,COMPSCI 50,FRSEMR 41R,GENED 1094,MATH 1B,
632,FRSEMR 25N,LIFESCI 1A,MATH 22A,,
633,ECON 10A,GENED 1038,MATH 1A,,
634,COMPSCI 50,FRSEMR 52C,GENED 1080,MATH 21A,
635,COMPSCI 50,LIFESCI 1A,MATH 21A,MUSIC 10,MUSIC 51A
636,COMPSCI 50,ECON 10A,GENED 1053,MATH 22A,
637,COMPSCI 50,ECON 10A,FRSEMR 23P,MATH 25A,
638,ECON 10A,MATH 1B,SPANSH 20,,
639,ECON 10A,GENED 1093,GERMAN 20B,LIFESCI 1A,
640,FRSEMR 27I,LIFESCI 1A,MATH 1B,PSY 1,
641,ECON 10A,FRSEMR 35N,GENED 1053,,
642,COMPSCI 50,GENED 1071,MATH MA,PSY 1,
643,ECON 10A,GENED 1069,MATH 21A,PHIL 34,
644,FRENCH 30,FRSEMR 30M,HUMAN 10A,MUSIC 14,MUSIC 51A
645,COMPSCI 50,GENED 1042,MATH 1A,,
646,ECON 10A,GENED 1042,GENED 1175,,
647,COMPSCI 50,MATH 1B,ZULU AA,,
648,COMPSCI 50,ECON 10A,MATH 22A,,
649,FRSEMR 41K,HIST-LIT 90FL,HISTSCI 1950,,
650,ECON 10A,GENED 1175,TDM 120,,
651,FRSEMR 26O,LIFESCI 1A,MATH 22A,MUSIC 10,
652,ECON 10A,GENED 1104,MATH 21A,,
653,COMPSCI 50,FRSEMR 26E,MATH 22A,,
654,ECON 10A,MATH QA,ZULU AA,,
655,ECON 1021,GENED 1140,GOV 50,,
656,FRENCH 64,MATH 55A,PHYSICS 143A,,
657,COMPSCI 50,FRSEMR 61U,GERMAN 121,,
658,GENED 1093,LPS A,MATH 21A,,
659,COMPSCI 50,FRSEMR 62L,MATH 21A,PHYSICS 16,
660,COMPSCI 50,ECON 10A,MATH 21A,,
661,ECON 10A,FRSEMR 64I,MATH 1B,,
662,GENED 1103,HISTSCI 100,LPS A,,
663,AFRIKAAN AA,ENG-SCI 139,NEURO 80,PSY 1,
664,GENED 1094,GOV 1790,GOV 50,,
665,AFRIKAAN AA,GENED 1120,GOV 50,,
666,EMR 1010,FRSEMR 70P,GOV 1290,SOCIOL 1185,
667,ECON 10A,MATH 22A,PHYSICS 19,,
668,CHNSE BX,COMPSCI 50,MATH 1A,,
669,FRENCH 10,LPS A,MATH 1B,,
670,ECON 10A,HIST 1465,MATH 1A,,
671,CHNSE BA,ECON 10A,GENED 1074,,
672,COMPSCI 50,ENG-SCI 139,GENED 1104,MATH 1B,
673,ECON 10A,GENED 1102,MATH 1B,,
674,FRSEMR 23P,LIFESCI 1A,MATH 19A,,
675,GENED 1038,GENED 1102,LIFESCI 1A,MATH 21A,
676,LIFESCI 1A,MATH MA,SPANSH 10,,
677,FRSEMR 60C,GENED 1012,GERMAN 10A,MATH 1A,
678,ECON 10A,MATH MA,ZULU AA,,
679,ENGLISH 10,ENGLISH 125PC,FRSEMR 35N,LING 101,
680,FRSEMR 50V,GERMAN 10A,MATH 1A,,
681,ECON 10A,GENED 1105,MATH QA,,
682,CZCH AA,ESPP 78,FRSEMR 72T,,
683,FRSEMR 71Y,GENED 1018,GENED 1097,,
684,LPS A,MATH 1B,TDM 109,TDM 120,
685,FRSEMR 50V,GENED 1038,LIFESCI 1A,,
686,FRSEMR 64Y,HUMAN 10A,PSY 18,RELIGION 1590,
687,ECON 10A,ENG-SCI 139,GENED 1038,MATH MA,
688,APPHY 50A,CHNSE 120A,ECON 10A,MATH 21A,
689,FRSEMR 72O,GENED 1091,MATH MA,SPANSH 10,
690,ECON 10A,FRSEMR 26O,LIFESCI 1A,,
691,ECON 10A,MATH 21A,SPANSH 20,,
692,FRSEMR 49N,ITAL 20,LIFESCI 1A,MATH 21A,
693,ECON 10A,FRSEMR 48K,GENED 1094,GOV 20,
694,ECON 10A,GENED 1131,PHIL 34,,
695,GENED 1104,LIFESCI 1A,MATH 1A,,
696,KOREAN BX,LPS A,MATH MA,MUSIC 107,MUSIC 189R
697,ECON 10A,GENED 1042,KOREAN BA,,
698,ECON 10A,FRSEMR 72U,MATH QA,,
699,COMPSCI 50,FRSEMR 25X,LIFESCI 1A,PHIL 34,
700,COMPSCI 50,ENG-SCI 139,FRSEMR 62U,MATH 1A,
701,COMPSCI 50,FRSEMR 31P,HAA 184G,,
702,ECON 10A,FRSEMR 51M,LIFESCI 1A,MATH 1B,
703,FRSEMR 43J,GENED 1042,HUMAN 10A,MATH 19A,
704,FRSEMR 25N,GOV 30,SPANSH 11,,
705,FRENCH 20,FRSEMR 30M,GENED 1012,GENED 1038,
706,LIFESCI 1A,MATH 1B,SOCIOL 1000,,
707,ECON 10A,FRSEMR 70P,SPANSH 20,,
708,FRSEMR 72R,GENED 1038,PSY 1900,,
709,ECON 10A,FRSEMR 62I,HUMAN 10A,SPANSH 10,
710,ENGLISH 20,FRENCH 30,GENED 1104,MATH 1A,
711,ECON 10A,MATH 21A,PORTUG 10,,
712,LIFESCI 1A,MATH 1A,SPANSH 20,,
713,FRSEMR 35N,GENED 1069,MATH MA,,
714,GENED 1044,MATH 1B,SPANSH 50,,
715,CELTIC 105,FRSEMR 50V,LIFESCI 1A,,
716,COMPSCI 50,ECON 10A,FRSEMR 31P,,
717,KOREAN BX,LIFESCI 1A,MATH 21A,,
718,COMPSCI 50,LIFESCI 50A,,,
719,COMPSCI 120,GENED 1038,MATH 55A,STAT 110,
720,GENED 1144,LPS A,MATH 22A,,
721,GENED 1181,HEB 1330,MATH 1B,PSY 1,
722,FRSEMR 41R,GENED 1140,LING 101,SPANSH 40,
723,FRSEMR 43F,LPS A,MATH 1A,,
724,COMPSCI 50,GENED 1166,GOV 1290,MATH 22A,
725,GENED 1093,GENED 1131,HIST 1223,,
726,COMPSCI 50,ECON 10A,MATH 21A,PHYSICS 16,
727,ARABIC AA,COMPSCI 50,MATH 1A,,
728,FRSEMR 70P,HIST-LIT 90FB,HUMAN 10A,STAT 100,
729,ECON 1010A,LIFESCI 1A,MATH 1B,,
730,ECON 10A,FRSEMR 72W,MATH 1A,,
731,FRSEMR 50P,GENED 1093,HEB 1330,PSY 1,
732,COMPSCI 50,GENED 1120,MATH 22A,,
733,AFRIKAAN AA,ECON 10A,GENED 1102,,
734,ECON 10A,FRSEMR 43J,MATH 1A,,
735,LIFESCI 1A,MATH ESPA,MATH MA,PSY 1,
736,GENED 1074,GENED 1094,MATH 1B,SWEDISH 10A,
737,ECON 10A,GOV 20,HEB 1330,RUSS HA,
738,ECON 10A,GENED 1089,HIST 1465,MATH 1A,
739,FRSEMR 72S,GENED 1076,HIST-LIT 90EO,SOCIOL 1000,
740,CHNSE BA,LIFESCI 50A,,,
741,ENGLISH 10,FRSEMR 64U,GENED 1102,HUMAN 10A,
742,COMPSCI 50,ECON 10A,FRSEMR 43J,,
743,ECON 10A,FRSEMR 72W,SWEDISH 10A,,
744,MATH MA,PSY 1,SOCIOL 1176,,
745,ECON 10A,FRSEMR 31J,MATH 21A,STAT 100,
746,ECON 10A,FRSEMR 62R,MATH 1A,,
747,FRSEMR 35N,GENED 1181,SOCIOL 1176,,
748,COMPSCI 50,ECON 10A,PHIL 34,,
749,COMPSCI 50,FRSEMR 40P,MATH 1A,STAT 100,
750,COMPSCI 50,ECON 10A,FRSEMR 21W,HIST 1602,
751,COMPSCI 50,FRENCH 10,MATH 1A,,
752,FRSEMR 62I,GENED 1183,GREEK 3,MUSIC 10,PHIL 6
753,FRENCH 40,FRSEMR 65E,ITAL 15,,
754,ARABIC AA,COMPSCI 50,MATH MA,,
755,ECON 10A,GENED 1012,TDM 120,,
756,GENED 1033,MATH 55A,PHYSICS 143A,PHYSICS 151,
757,ECON 10A,ENGLISH 10,FRSEMR 31P,HUMAN 10A,
758,APMTH 22A,GENED 1080,SPANSH 49H,STAT 110,
759,ECON 10A,GENED 1131,ZULU AA,,
760,FRSEMR 43J,GOV 50,MATH 21A,,
761,CHNSE BA,FRSEMR 65F,GENED 1102,MUSIC 18,
762,COMPSCI 50,ECON 10A,FRSEMR 65E,SPANSH 11,
763,GENED 1089,LPS A,MATH 1B,SPANSH 11,
764,FRSEMR 51F,GENED 1069,MATH 1A,,
765,CHNSE BA,COMPSCI 50,FRSEMR 48K,,
766,ECON 10A,GENED 1071,GENED 1131,,
767,ECON 10A,FRENCH 11,LIFESCI 1A,MATH 1A,
768,APMTH 10,GOV 50,MATH 22A,SANSKRIT 101A,
769,AFRIKAAN AA,ECON 10A,MATH QA,,
770,FRENCH 20,GENED 1102,GOV 30,TDM 119,
771,GENED 1019,MATH MA,WSTAFRCN AA,,
772,GENED 1074,LPS A,MATH 1B,,
773,COMPSCI 50,FRSEMR 64Y,SPANSH 30,,
774,ECON 10A,ENG-SCI 139,MATH MA,,
775,FRSEMR 41K,GENED 1146,SOCIOL 1000,SPANSH 30,
776,FRSEMR 40P,GENED 1183,MATH 22A,PHYSICS 15A,
777,COMPSCI 50,FRSEMR 65C,MATH 1B,,
778,GENED 1104,LIFESCI 1A,MATH 1A,TWI AA,
779,COMPSCI 50,ECON 10A,FRSEMR 72O,LIFESCI 1A,
780,COMPSCI 50,ECON 10A,MATH 21A,,
781,ECON 10A,FRSEMR 49G,GENED 1074,GENED 1089,
782,ECON 10A,FRSEMR 48K,MATH 22A,,
783,FRSEMR 51M,GENED 1038,LIFESCI 1A,MATH 1A,
784,FRSEMR 30Q,GENED 1175,LIFESCI 50A,,
785,FRSEMR 26J,MATH 1B,SPANSH 40,,
786,FRENCH 10,LPS A,MATH 1A,,
787,AFRAMER 180Y,COMPSCI 61,FRSEMR 72V,MATH 1B,
788,FRSEMR 72I,LPS A,MATH MA,,
789,FRSEMR 33C,LIFESCI 1A,MATH ESPA,MATH MA,
790,APMTH 22A,COMPSCI 50,FRSEMR 51S,,
791,GENED 1074,MATH 1B,MATH QA,SPANSH 11,
792,COMPSCI 50,ECON 10A,FRSEMR 26O,LIFESCI 1A,
793,ECON 10A,FRSEMR 50P,LIFESCI 1A,,
794,COMPSCI 50,FRSEMR 50Y,MATH 21A,PHYSICS 15A,
795,KOREAN BA,LPS A,MATH 1A,,
796,FRSEMR 51M,GENED 1093,LIFESCI 1A,MATH 1B,
797,COMPSCI 50,ECON 10A,FRSEMR 71R,PHIL 34,
798,ECON 10A,FRSEMR 71R,GOV 1790,HIST 1465,
799,GENED 1012,GOV 1249,GOV 20,HIST 1223,
800,ECON 10A,KOREAN BA,MATH 21A,,
801,FRSEMR 21V,MATH 18A,SPANSH 20,,
802,GENED 1093,GENED 1102,GOV 1790,GOV 50,
803,GENED 1093,LIFESCI 1A,MATH 1A,,
804,COMPSCI 50,MATH 21A,STAT 110,,
805,AFRIKAAN AA,ECON 10A,GENED 1103,MATH 1B,
806,FRSEMR 65E,MATH 1A,,,
807,GENED 1146,LIFESCI 1A,MATH 21A,,
808,FRSEMR 27I,GENED 1175,GOV 1290,,
809,FRSEMR 52C,LPS A,MATH MA,PSY 1,
810,CHNSE BA,ECON 10A,MATH 1A,,
811,COMPSCI 50,FRSEMR 33O,MATH 22A,,
812,COMPSCI 50,ECON 10A,GENED 1175,LIFESCI 1A,
813,COMPSCI 50,LIFESCI 1A,MATH 1B,,
814,LIFESCI 1A,MATH MA,SPANSH 11,,
815,ECON 10A,FRSEMR 51H,GOV 1249,,
816,FRSEMR 41R,GENED 1144,GENED 1181,PHIL 3,
817,FRSEMR 65C,GOV 1290,ITAL 15,,
818,ECON 10A,FRSEMR 61U,GENED 1038,MATH 1A,
819,FRSEMR 72R,HUMAN 10A,MATH 22A,PHYSICS 15A,
820,GENED 1105,PORTUG 10,SOCIOL 1176,,
821,COMPSCI 50,FRENCH 50,MATH 1B,,
822,FRSEMR 64I,GENED 1105,GOV 20,PORTUG 62,
823,FRSEMR 26J,MATH 22A,PHYSICS 19,,
824,APMTH 22A,COMPSCI 50,FRSEMR 40P,GENED 1074,
825,EDST 103,HISTSCI 100,SPANSH 30,,
826,COMPSCI 50,ECON 10A,GENED 1069,MATH 22A,
827,ECON 10A,FRSEMR 25N,GERMAN 20B,HUMAN 10A,MUSIC 15
828,ECON 10A,GENED 1071,WSTAFRCN AA,,
829,COMPSCI 50,ECON 10A,GENED 1038,MATH 22A,
830,APMTH 104,PHYSICS 16,PHYSICS 20,,
831,ECON 10A,FRSEMR 64Z,MATH 18A,,
832,AFVS 76,FRSEMR 35N,GENED 1146,HIST-LIT 90EV,
833,FRENCH 50,FRSEMR 34X,GENED 1019,HIST-LIT 90EJ,
834,FRSEMR 72V,GENED 1146,SOCIOL 1000,TIGRINYA AA,
835,GENED 1069,MATH 21A,MUSIC 107,STAT 110,
836,FRSEMR 43J,GENED 1146,MATH 22A,STAT 110,
837,ECON 10A,FRSEMR 24G,HEB 1328,LPS A,
838,FRSEMR 63R,GENED 1094,GOV 1790,SPANSH 40,
839,ECON 10A,FRSEMR 64Z,MATH 1B,,
840,ECON 10A,GENED 1166,MATH 1B,SPANSH 11,
841,COMPSCI 50,ECON 10A,FRENCH 30,GENED 1091,
842,ECON 10A,FRSEMR 63L,GENED 1091,,
843,FRSEMR 24Q,LATIN 1,LIFESCI 50A,,
844,GENED 1093,GENED 1105,LIFESCI 1A,,
845,CHNSE BA,COMPSCI 50,ECON 70,MATH 22A,
846,FRENCH 10,GENED 1012,GENED 1038,GOV 1734,
847,CLS-STDY 97A,COMPSCI 50,FRSEMR 65F,MATH 21A,
848,FRSEMR 33R,MATH 22A,STAT 110,,
849,FRSEMR 26O,LPS A,MATH 19A,,
850,COMPSCI 50,GENED 1012,MATH MA,PSY 1,
851,FRSEMR 43F,LPS A,MATH MA,MUSIC 14,
852,ECON 10A,FRSEMR 41R,GENED 1181,MATH 18A,
853,CHNSE BX,LIFESCI 1A,MATH 22A,,
854,ECON 10A,GENED 1120,HUMAN 10A,LIFESCI 1A,
855,ECON 10A,FRSEMR 62L,LATIN 106A,MATH 18A,MUSIC 14
856,FRSEMR 61U,GENED 1044,GENED 1053,RUSS 101,
857,COMPSCI 50,GENED 1074,MATH 21A,,
858,COMPSCI 50,ECON 10B,GENED 1175,MATH 21B,
859,ARABIC AA,COMPSCI 50,FRSEMR 26E,,
860,COMPSCI 50,GENED 1011,LIFESCI 1A,MATH 22A,
861,ECON 10A,FRSEMR 62L,GENED 1074,,
862,COMPSCI 50,FRSEMR 50V,LIFESCI 1A,,
863,COMPSCI 50,FRSEMR 43J,MATH 22A,STAT 110,
864,GENED 1050,LIFESCI 1A,MATH 1A,PSY 1,
865,CHNSE BA,COMPSCI 50,ECON 1011A,MATH 25A,
866,ECON 10A,FRENCH 30,FRSEMR 31P,,
867,ENGLISH 10,GENED 1069,GENED 1102,GOV 30,
868,ENGLISH 10,GENED 1076,SPANSH 10,,
869,FRSEMR 21W,GENED 1094,MATH MA,,
870,FRSEMR 25X,GENED 1131,LIFESCI 1A,MATH 19A,
871,FRSEMR 27I,LIFESCI 1A,MATH 1B,,
872,LIFESCI 50A,MATH 21A,,,
873,COMPSCI 50,HIND-URD 101A,LIFESCI 1A,MATH 1B,
874,ECON 10A,FRSEMR 50P,HIST 1602,LIFESCI 1A,
875,COMPSCI 50,GENED 1097,MATH 21A,,
876,COMPSCI 50,MATH 1B,PSY 1,,
877,COMPSCI 50,FRSEMR 64Z,MATH 21A,,
878,FRSEMR 43J,MATH 25A,STAT 110,,
879,COMPSCI 50,FRSEMR 33O,LATIN 163,MATH 21A,
880,ECON 10A,GENED 1094,MATH MA,,
881,ENGLISH CNFR,FRSEMR 26E,MATH 25A,PHYSICS 16,
882,COMPSCI 50,GENED 1074,MATH 1B,,
883,FRSEMR 26O,LIFESCI 1A,MATH 21A,,
884,FRSEMR 26O,GENED 1038,LIFESCI 1A,MATH 1B,
885,LIFESCI 1A,MATH 21A,PHYSICS 19,,
886,FRSEMR 71G,GOV 1790,GOV 20,MATH 22A,
887,COMPSCI 50,FRSEMR 31P,GOV 1290,MATH 22A,
888,APMTH 22A,COMPSCI 50,MUSIC 159R,,
889,ECON 10A,MATH MA,ZULU AA,,
890,LPS A,MATH 1A,SPANSH 50,,
891,GENED 1038,MATH 1A,SPANSH 10,,
892,COMPSCI 50,ECON 10A,FRSEMR 63L,GENED 1038,
893,FRSEMR 65E,LIFESCI 1A,MATH 1B,,
894,COMPSCI 50,FRSEMR 21W,MATH 21A,PHYSICS 15A,
895,FRSEMR 23P,MATH 25A,PHYSCI 10,PHYSICS 16,
896,ENGLISH 10,FRSEMR 63L,HIST-LIT 90FQ,SPANSH 30,
897,GENED 1091,GOV 1290,SPANSH 30,,
898,ENGLISH CWP,FRSEMR 52C,PSY 1,SPANSH 20,
899,ARABIC AA,ECON 10A,MATH MA,,
900,FRSEMR 24Q,GENED 1104,LIFESCI 1A,MATH 1B,
901,FRSEMR 51F,HISTSCI 100,MATH QA,ZULU AA,
902,ECON 10A,GENED 1019,MATH 1B,ZULU AA,
903,FRSEMR 50V,HAA 12M,RELIGION 119,SOCIOL 1176,
904,FRSEMR 25X,LIFESCI 1A,MATH MA,,
905,COMPSCI 50,ECON 10A,FRSEMR 64I,GENED 1038,
906,COMPSCI 50,FRSEMR 71R,GENED 1038,MATH MA,
907,ECON 10A,LIFESCI 1A,MATH 1B,,
908,ECON 10A,FRSEMR 31J,SPANSH 30,,
909,COMPSCI 120,ENG-SCI 139,MATH 22A,,
910,ECON 10A,GOV 20,SPANSH 10,,
911,FRSEMR 50P,MATH 1B,SPANSH 11,,
912,ENGLISH CSST,FRSEMR 42H,GENED 1091,MATH 1B,
913,FRSEMR 42H,LIFESCI 50A,MATH 22A,,
914,CHNSE BA,ECON 10A,MATH 22A,STAT 110,
915,GENED 1038,GOV 20,MATH MA,,
916,FRENCH 10,LPS A,MATH ESPA,MATH MA,
917,ECON 10A,GENED 1093,LATIN 3,LPS A,
918,ECON 10A,GENED 1038,GOV 93CJ,,
919,FRSEMR 51M,GENED 1053,LIFESCI 1A,MATH 21A,
920,ENGLISH 10,FRSEMR 33X,LATIN 3,MATH 21A,
921,FRSEMR 72M,SOCIOL 1000,STAT 100,,
922,ECON 10A,FRSEMR 62R,MATH 1B,,
923,ECON 10A,FRSEMR 72V,GENED 1038,GENED 1089,
924,FRSEMR 26J,GENED 1050,MATH 1B,PHYSICS 19,
925,GENED 1038,HISTSCI 100,LIFESCI 1A,MATH 1B,
926,COMPSCI 50,MATH MA,SPANSH 10,,
927,GENED 1144,LPS A,MATH 1B,,
928,GENED 1038,LIFESCI 1A,,,
929,FRSEMR 72V,GOV 20,MATH 1B,,
930,ECON 10A,GENED 1074,GENED 1175,,
931,FRSEMR 50V,GENED 1105,SOCIOL 1000,,
932,ENGLISH CNMJ,JAPAN BA,LIFESCI 1A,MATH 19A,
933,GENED 1038,LIFESCI 1A,MATH 1B,SPANSH 20,
934,CHNSE BX,COMPSCI 50,GENED 1120,MATH 22A,
935,COMPSCI 61,ECON 10A,MATH 22A,,
936,COMPSCI 50,ECON 10A,GENED 1091,LIFESCI 1A,
937,ECON 10A,MATH QA,SPANSH 11,,
938,GENED 1102,GOV 20,MLD 236,PSY 1,
939,FRSEMR 72U,GENED 1089,PSY 1,,
940,COMPSCI 50,ECON 10A,GOV 20,MATH 21A,
941,FRSEMR 51F,LIFESCI 1A,MATH 1B,,
942,ARABIC AA,ECON 10A,GOV 20,,
943,COMPSCI 121,FRSEMR 23P,GENED 1183,MATH 55A,
944,COMPSCI 50,FRSEMR 49N,GENED 1038,MOD-HEB 130A,
945,COMPSCI 50,FRSEMR 71G,MATH 21A,,
946,GENED 1093,IGBO AA,LIFESCI 1A,MATH 1B,
947,ANTHRO 1224,ANTHRO 1610,COMPSCI 50,ECON 10A,
948,CHNSE BA,FRSEMR 24Q,LIFESCI 50A,,
949,FRSEMR 33C,GENED 1103,LIFESCI 1A,MATH 1B,
950,ECON 10A,FRSEMR 52C,LIFESCI 1A,PHIL 34,
951,ECON 10A,GENED 1071,GENED 1131,ZULU AA,
952,GENED 1042,GENED 1104,MATH 21A,PHIL 3,
953,ASTRON 17,GENED 1044,MATH 21A,PHYSICS 15A,
954,COMPSCI 50,LIFESCI 50A,,,
955,COMPSCI 50,MATH MA,WSTAFRCN AA,,
956,ECON 1017,ECON 10A,FRSEMR 72I,GENED 1175,
957,FRSEMR 27I,GENED 1038,LIFESCI 1A,MATH 21A,
958,ECON 10A,GENED 1038,MATH 1A,,
959,ECON 10A,GENED 1181,GOV 50,HIST 1602,
960,GOV 1015,SOCIOL 1104,SPANSH 11,,
961,COMPSCI 50,ECON 10A,MATH 1B,,
962,FRSEMR 41K,LPS A,MATH MA,,
963,COMPSCI 50,ECON 10A,NEURO 80,,
964,FRSEMR 72V,GENED 1012,GOV 1790,HUMAN 10A,
965,ECON 10A,FRSEMR 41K,HUMAN 10A,MATH 1B,
966,ECON 10A,FRSEMR 72M,GENED 1038,SOCIOL 1000,
967,ENGLISH 10,GENED 1094,HIST-LIT 90FP,SPANSH 30,
968,FRSEMR 51M,GENED 1091,LIFESCI 1A,MATH 21A,
969,ECON 10A,FRSEMR 60R,MATH MA,PHIL 34,
970,EGYPTIAN AA,FRSEMR 30Q,MUSIC 107,MUSIC 189R,PSY 18
971,FRSEMR 65C,GENED 1094,LIFESCI 50A,,
972,ECON 10A,GENED 1074,MATH QA,,
973,FRSEMR 64Z,GENED 1038,MATH 1A,,
974,ECON 10A,GENED 1038,MATH 1B,,
975,ECON 10A,GENED 1074,MATH 1B,,
976,COMPSCI 50,GENED 1071,MATH 21A,,
977,ECON 10A,GOV 1023,SPANSH 50,,
978,COMPSCI 50,ECON 1010A,MATH 21A,,
979,COMPSCI 50,ECON 10A,FRSEMR 61U,SPANSH 40,
980,ECON 10A,ENG-SCI 139,MATH 1A,,
981,COMPSCI 50,HUMAN 10A,PHIL 109,PHIL 3,
982,ECON 10A,MATH MA,ZULU AA,,
983,ECON 10A,GENED 1079,MATH 1A,,
984,CHNSE BX,GENED 1097,HUMAN 20,,
985,ECON 10A,MATH MA,SPANSH 10,,
986,ENGLISH CSST,FRSEMR 31P,GOV 93CJ,,
987,GENED 1038,GENED 1094,PSY 1,,
988,ASTRON 2,FRSEMR 62U,GENED 1012,,
989,FRSEMR 72P,GENED 1105,HIST-LIT 90FL,,
990,ECON 10A,FRSEMR 65C,GENED 1175,TDM 169S,
991,ECON 10A,GENED 1104,PSY 1,,
992,GOV 20,HIST 1465,MATH 1A,,
993,COMPSCI 50,ECON 10A,FRSEMR 60R,MATH 1B,
994,ECON 10A,FRSEMR 51H,GENED 1131,MATH 22A,
995,ECON 10A,FRSEMR 71Y,GENED 1093,,
996,COMPSCI 50,LIFESCI 1A,MATH 21A,,
997,ECON 10A,FRSEMR 51S,HUMAN 20,LPS A,
998,ECON 10A,ENG-SCI 139,PSY 1005,,
999,FRSEMR 64O,GENED 1093,LIFESCI 1A,UYGHUR A,
1000,FRENCH 20,GENED 1038,GENED 1166,,
1001,FRSEMR 62Z,GENED 1050,MATH 55A,PHIL 34,
1002,FRSEMR 27I,HUMAN 10A,LIFESCI 1A,MATH 19A,
1003,ECON 10A,ESE 50,MATH 1A,SPANSH 20,
1004,COMPSCI 50,ECON 10A,GENED 1033,GENED 1038,
1005,GENED 1071,SOCIOL 1197,YORUBA AA,,
1006,APMTH 10,GENED 1012,GENED 1094,MATH 1A,
1007,APMTH 22A,COMPSCI 50,PHYSICS 15A,SPANSH 20,
1008,ECON 10A,MATH QA,WSTAFRCN AA,,
1009,ECON 10A,ENGLISH 10,FRSEMR 72W,ZULU AA,
1010,ECON 10A,FRSEMR 43J,GENED 1033,GOV 1540,
1011,ECON 10A,GENED 1091,LATIN 1,,
1012,FRSEMR 31J,GENED 1131,GOV 30,MATH MA,
1013,COMPSCI 50,MATH 25A,STAT 110,,
1014,GENED 1120,GOV 1783,MATH 22A,PHYSICS 15A,
1015,CHNSE BX,COMPSCI 50,ECON 10A,,
1016,ASTRON 2,FRSEMR 63R,GENED 1105,HUMAN 10A,MUSIC 15
1017,FRSEMR 72V,GENED 1093,LIFESCI 1A,MATH 19A,
1018,GENED 1053,LIFESCI 1A,MATH 1A,,
1019,GENED 1071,HIST 1006,PSY 1,,
1020,ECON 10A,LIFESCI 1A,MATH 1A,SPANSH 20,
1021,FRSEMR 26O,LIFESCI 1A,MATH 19A,,
1022,GENED 1131,LATIN 163,MATH 21A,,
1023,COMPSCI 50,GENED 1080,LIFESCI 1A,,
1024,APMTH 22A,GENED 1104,LATIN 106A,,
1025,ECON 10A,FRENCH 11,MATH 18A,,
1026,ENGLISH 102M,FRSEMR 35N,GENED 1038,GENED 1050,
1027,ECON 10A,FRSEMR 33X,HIST-LIT 90FK,,
1028,FRSEMR 42H,GENED 1174,GOV 1790,,
1029,FRENCH 11,GENED 1130,SOCIOL 1000,,
1030,ECON 10A,FRSEMR 60R,LIFESCI 1A,MATH 21A,
1031,FRSEMR 52C,GENED 1094,MATH MA,SPANSH 20,
1032,ECON 10A,FRSEMR 64U,GENED 1130,,
1033,COMPSCI 61,ECON 10A,MATH 1B,,
1034,COMPSCI 50,FRSEMR 41R,MATH 1A,,
1035,ENGLISH 157,GENED 1183,MATH 22A,PHYSICS 15A,
1036,ECON 10A,FRSEMR 72U,MATH MA,,
1037,GENED 1089,LIFESCI 1A,MATH 1B,SANSKRIT 101A,
1038,GENED 1120,MATH 22A,STAT 110,,
1039,ECON 10A,FRSEMR 60R,GOV 1540,SOCIOL 1191,
1040,AFVS 76,ENGLISH CNL,GENED 1038,HUMAN 10A,
1041,FRSEMR 31P,GENED 1140,GOV 50,SPANSH 40,
1042,ECON 10A,GOV 20,SPANSH 20,,
1043,FRSEMR 24Q,LIFESCI 1A,MATH MA,,
1044,FRSEMR 27I,LIFESCI 1A,MATH 21A,PHYSICS 15A,
1045,FRSEMR 31P,GOV 30,HIST 1223,HUMAN 10A,
1046,FRSEMR 21W,GENED 1038,LPS A,,
1047,COMPSCI 50,FRSEMR 72O,MATH 22A,,
1048,FRSEMR 23C,MATH 55A,MUSIC 51A,,
1049,ECON 1010A,FRSEMR 65C,MATH 22A,STAT 110,
1050,GENED 1102,LIFESCI 1A,MATH 1B,,
1051,FRSEMR 43F,GOV 1290,STAT 100,,
1052,ECON 10A,GENED 1074,MATH 1B,,
1053,ECON 10A,GOV 20,MATH 1A,,
1054,FRSEMR 63L,HUMAN 10A,MATH QA,SPANSH 11,
1055,ECON 10A,GENED 1131,MATH 22A,STAT 110,
1056,ARABIC AA,COMPSCI 50,GENED 1079,,
1057,ECON 10A,FRSEMR 72T,GOV 20,MATH 21A,
1058,FRSEMR 23I,GENED 1093,MATH 1A,,
1059,ECON 10A,FRENCH 20,FRSEMR 51H,MATH 1B,
1060,E-PSCI 50,FRSEMR 72V,GOV 30,TDM 181B,
1061,ECON 10A,MATH QA,ZULU AA,,
1062,ECON 10A,JAPAN 106A,JAPAN 140A,,
1063,COMPSCI 50,FRSEMR 61U,HISTSCI 100,,
1064,FRSEMR 51H,MATH 55A,STAT 110,,
1065,FRSEMR 30Q,GENED 1175,PSY 1,,
1066,ECON 10A,GENED 1102,GOV 1249,SOCIOL 1000,
1067,GENED 1144,PSY 1,SOCIOL 1000,,
1068,FRSEMR 26O,MATH 121,PHYSICS 151,,
1069,COMPSCI 50,ECON 10A,GOV 50,MATH 1B,
1070,GENED 1091,GULLAH AA,SOCIOL 1111,,
1071,ECON 10A,MATH QA,SPANSH 10,,
1072,FRSEMR 51S,GENED 1104,LPS A,MATH MA,
1073,ECON 10A,GENED 1104,MATH MA,MUSIC 18,
1074,ECON 10A,GENED 1091,MATH 1A,,
1075,HIST 1006,HIST 1024,LATIN 1,,
1076,GENED 1079,GENED 1131,HUMAN 10A,HUMAN 20,
1077,FRSEMR 72P,MATH 22A,PHYSICS 19,,
1078,CLS-STDY 97A,HIST-LIT 90FU,STAT 100,,
1079,FRENCH 20,MATH MA,PSY 1,,
1080,COMPSCI 50,FRSEMR 43J,MATH 22A,,
1081,FRENCH 128,GENED 1074,HUMAN 10A,LIFESCI 1A,
1082,FRSEMR 26F,GENED 1144,PSY 1,,
1083,ENG-SCI 139,GENED 1071,LPS A,,
1084,FRSEMR 51S,LIFESCI 1A,MATH 21A,SPANSH 20,
1085,FRSEMR 26O,GENED 1038,LPS A,,
1086,COMPSCI 50,GENED 1104,MATH 25A,,
1087,ECON 10A,FRSEMR 25N,GENED 1019,MATH 1A,
1088,FRSEMR 25X,MATH 22A,MUSIC 14,STAT 110,
1089,GENED 1094,LIFESCI 1A,MATH 21A,,
1090,COMPSCI 50,ECON 10A,MODGRK AA,,
1091,FRSEMR 30M,GENED 1102,GOV 30,HUMAN 10A,
1092,FRSEMR 26O,GOV 1740,LIFESCI 1A,MATH 1B,
1093,ECON 1021,FRSEMR 35N,KOREAN BA,,
1094,FRSEMR 51F,LIFESCI 1A,MATH 1A,,
1095,ECON 10A,GENED 1094,MATH 1A,,
1096,FRSEMR 27I,GENED 1019,LPS A,,
1097,FRSEMR 61F,GREEK 1,WELSH 225A,,
1098,ECON 10A,GENED 1102,MATH 1A,,
1099,APMTH 22A,COMPSCI 61,FRSEMR 62U,GENED 1042,
1100,ECON 10A,FRSEMR 25X,LIFESCI 1A,,
1101,COMPSCI 50,GENED 1074,NEP 101A,,
1102,ECON 10A,EDST 128,SOCIOL 1185,,
1103,GENED 1144,LPS A,MATH 1A,SLAVIC 171,
1104,COMPSCI 50,GENED 1104,MATH 22A,PHIL 3,
1105,ECON 10A,GENED 1074,MATH QA,,
1106,FRSEMR 72O,LPS A,MATH 1A,NEURO 80,
1107,ECON 10A,LPS A,MATH 1B,,
1108,FRENCH 40,FRSEMR 62I,MATH 1A,,
1109,FRSEMR 64Z,LPS A,MATH MA,,
1110,FRENCH 20,GENED 1076,LIFESCI 1A,MATH MA,
1111,ECON 10A,FRSEMR 51H,MATH 1B,,
1112,FRENCH 40,LIFESCI 1A,MATH 21A,,
1113,ECON 10A,FRENCH 40,MATH MA,,
1114,ECON 10A,FRSEMR 48K,MATH 1B,,
1115,COMPSCI 50,GENED 1093,MATH 1B,PSY 1,
1116,CLS-STDY 144,GENED 1038,HIST 1223,,
1117,FRSEMR 72T,HIST-LIT 90EJ,MATH 1A,PHIL 34,
1118,ECON 10A,MATH MA,SWAHILI AA,,
1119,ENGLISH 10,FRSEMR 50V,GENED 1146,HUMAN 10A,
1120,GENED 1144,LIFESCI 1A,MATH 1B,SPANSH 10,
1121,COMPSCI 50,FRSEMR 71G,MOD-HEB 120A,,
1122,ECON 10A,GOV 20,HIST 1465,MATH MA,
1123,COMPSCI 50,ECON 10A,GENED 1038,,
1124,ECON 10A,GENED 1074,MATH 1A,,
1125,FRSEMR 64I,HUMAN 20,MATH 1B,OEB 59,
1126,ECON 10A,FRSEMR 31P,SOCIOL 1000,,
1127,ECON 10A,FRSEMR 23I,MATH 18A,,
1128,AFVS 165V,ECON 70,FRENCH 11,,
1129,GENED 1130,LPS A,MATH MA,,
1130,COMPSCI 50,JAPAN BA,MATH 22A,STAT 110,
1131,COMPSCI 50,FRSEMR 49G,GENED 1093,LIFESCI 1A,MUSIC 107
1132,GENED 1018,LPS A,PSY 1,,
1133,CLASARCH 10,FRSEMR 63R,GENED 1131,MODGRK AA,
1134,COMPSCI 50,FRSEMR 62I,PSY 1,,
1135,ECON 10A,ENG-SCI 139,MATH MA,,
1136,GENED 1140,LIFESCI 1A,PSY 1005,,
1137,FRSEMR 49N,GENED 1011,LIFESCI 1A,MATH 21B,
1138,FRSEMR 21W,LIFESCI 1A,MOD-HEB BA,,
1139,GENED 1093,LPS A,MATH 19A,VIETNAM BA,
1140,ENGLISH 10,GENED 1076,HUMAN 10A,JAPAN 130A,
1141,FRSEMR 62L,GENED 1012,GOV 1790,,
1142,FRSEMR 30M,HUMAN 10A,PSY 1,TDM 150,
1143,ECON 10A,LIFESCI 1A,MATH 21A,,
1144,CLS-STDY 144,FRSEMR 63R,GENED 1042,HUMAN 10A,
1145,ECON 10A,FRSEMR 51S,HIST-LIT 90EJ,OEB 104,
1146,ECON 10A,GENED 1038,LPS A,,
1147,ECON 10A,FRSEMR 50P,GENED 1089,SPANSH 10,
1148,FRSEMR 51F,GENED 1079,LIFESCI 50A,,
1149,COMPSCI 50,ECON 10A,FRSEMR 42H,MATH 22A,
1150,ECON 10A,MATH 1A,SPANSH 11,,
1151,ECON 10A,FRENCH 10,FRSEMR 33C,HUMAN 10A,
1152,AMHARIC BA,GENED 1071,GENED 1146,,
1153,FRSEMR 72S,GENED 1038,GENED 1144,SPANSH 11,
1154,COMPSCI 50,ECON 10A,FRSEMR 72T,GENED 1120,
1155,GENED 1130,PSY 1,PSY 1900,,
1156,COMPSCI 121,GENED 1033,GENED 1038,MATH 55A,
1157,ECON 1011A,GREEK 112A,HUMAN 10A,MATH 18A,
1158,ECON 10A,FRENCH 10,GENED 1019,GENED 1144,
1159,CHNSE BX,COMPSCI 50,ECON 10A,,
1160,MATH 1B,PSY 1,SPANSH 20,,
1161,ECON 10A,GENED 1102,HUMAN 10A,MATH 1B,MUSIC 14
1162,ECON 10A,GERMAN 10AB,,,
1163,GENED 1175,KOREAN BX,LIFESCI 1A,MATH 21A,
1164,ECON 10A,GENED 1175,ITAL 10,,
1165,ECON 1010A,FRSEMR 31P,GOV 20,,
1166,ECON 10A,GOV 20,MATH MA,,
1167,FRSEMR 24Q,GENED 1044,LIFESCI 1A,MATH 1B,
1168,FRSEMR 49G,HIST 1024,MATH MA,,
1169,ECON 10A,HIST-LIT 90FI,MATH QA,,
1170,FRSEMR 64T,GOV 20,PHIL 3,,
1171,COMPSCI 50,ECON 10A,FRSEMR 71G,MATH 1B,
1172,ENGLISH 181A,PSY 14,SOCIOL 1000,,
1173,COMPSCI 50,MATH 21A,PHYSICS 15A,,
1174,COMPSCI 50,JAPAN BA,MATH 21B,,
1175,FRSEMR 24G,LIFESCI 50A,,,
1176,COMPSCI 50,FRSEMR 50P,MATH 1A,,
1177,COMPSCI 50,ECON 10A,MATH 1A,,
1178,ECON 10A,GOV 1249,GOV 20,,
1179,COMPSCI 50,ITAL 10,LPS A,,
1180,ECON 1021,ECON 10A,MATH 1A,,
1181,COMPSCI 50,GENED 1042,MATH MA,,
1182,FRSEMR 72P,PHIL 3,SPANSH 20,,
1183,FRSEMR 27I,GENED 1093,LPS A,,
1184,GENED 1038,SOCIOL 1000,SPANSH 20,STAT 100,
1185,COMPSCI 50,FRSEMR 21V,MATH 1B,,
1186,ECON 1017,ECON 10A,FRSEMR 64Z,MATH 1A,
1187,COMPSCI 50,ECON 10A,MATH 22A,,
1188,CHNSE 130XA,COMPSCI 50,ECON 10A,,
1189,COMPSCI 50,KOREAN 120A,MATH 22A,,
1190,FRSEMR 71Y,GENED 1093,MATH 22A,,
1191,COMPSCI 50,FRSEMR 61U,MATH 22A,,
1192,ECON 10A,MATH MA,ZULU AA,,
1193,FRSEMR 51M,LPS A,MATH 1B,,
1194,COMPSCI 61,GERMAN 20B,MATH 25A,PHYSICS 16,
1195,COMPSCI 50,ECON 10A,GENED 1181,MATH 22A,
1196,ECON 10A,FRSEMR 43J,GENED 1091,MATH 1B,
1197,GENED 1038,MATH 1B,SPANSH 10,,
1198,FRSEMR 50Y,GENED 1102,LIFESCI 1A,MATH 1A,
1199,CHNSE BX,FRSEMR 62Z,GENED 1102,,
1200,ASTRON 2,FRSEMR 62I,HUMAN 10A,SPANSH 72,
1201,ANTHRO 1906,FRSEMR 64I,HUMAN 10A,ROM-STD 162,
1202,COMPSCI 50,GENED 1130,LPS A,PSY 1,
1203,GENED 1053,GERMAN 10A,MATH 1A,,
1204,CHNSE BA,MATH 1A,STAT 100,,
1205,APMTH 10,APMTH 22A,FRSEMR 72M,HIST 1993,
1206,FRENCH 10,FRSEMR 23P,MATH 22A,PHYSICS 15A,
1207,GENED 1175,LIFESCI 1A,MATH 1A,SWAHILI AA,
1208,ECON 10A,FRSEMR 51H,MATH 21A,PHIL 6,
1209,ECON 10A,FRSEMR 49G,GENED 1019,,
1210,HIST 1223,SOCIOL 1000,STAT 100,,
1211,ECON 10A,ENGLISH 10,FRSEMR 64T,PSY 1,
1212,ECON 10A,GOV 50,STAT 110,,
1213,FRSEMR 64Y,GENED 1102,GOV 1290,GOV 50,
1214,FRSEMR 33C,HUMAN 20,LIFESCI 1A,MATH 21A,
1215,ECON 10A,FRSEMR 41K,GERMAN 10A,HUMAN 10A,
1216,ECON 10A,FRSEMR 26J,MATH 25A,STAT 110,
1217,APMTH 22A,COMPSCI 50,ECON 1021,NEURO 80,
1218,COMPSCI 50,GENED 1018,MATH 1B,,
1219,COMPSCI 50,ENG-SCI 139,GENED 1120,MATH 1A,
1220,ECON 10A,FRSEMR 60C,MATH 21A,SWAHILI AA,
1221,CHNSE 120A,COMPSCI 50,HIST 1602,,
1222,COMPSCI 50,MATH QA,PHIL 34,,
1223,COMPSCI 50,FRENCH 40,FRSEMR 52C,MATH 22A,
1224,COMPSCI 50,GENED 1038,MATH ESPA,MATH MA,
1225,FRSEMR 72I,LIFESCI 1A,MATH ESPA,MATH MA,
1226,FRSEMR 51M,LIFESCI 1A,MATH 22A,,
1227,ECON 10A,FRSEMR 60R,HIST-LIT 90EJ,LATIN 106A,
1228,GENED 1094,GENED 1146,GOV 50,SPANSH 11,
1229,COMPSCI 50,FRSEMR 21V,HUMAN 10A,MATH 22A,
1230,ENGLISH 10,GENED 1140,LPS A,PSY 1,
1231,ENGLISH 10,FRENCH 10,GENED 1181,GOV 30,
1232,ECON 10A,GENED 1091,SPANSH 11,,
1233,ECON 10A,ENG-SCI 139,MATH 21A,PHIL 34,
1234,ECON 10A,GENED 1094,GOV 20,MATH 1A,
1235,FRSEMR 42H,GENED 1130,GOV 30,HUMAN 10A,
1236,FRSEMR 41R,GENED 1130,SOCIOL 1111,,
1237,ECON 10A,GENED 1103,MATH MA,SPANSH 11,
1238,COMPSCI 50,MATH 1A,ZULU AA,,
1239,FRSEMR 62R,PSY 1,SOCIOL 1000,,
1240,ECON 1011A,FRENCH 40,MATH 55A,STAT 210,
1241,FRSEMR 62U,LIFESCI 1A,MATH MA,,
1242,ECON 10A,FRSEMR 63L,GENED 1102,JAPAN 130A,
1243,FRSEMR 61F,GREEK 112A,STAT 110,,
1244,GENED 1175,LIFESCI 50A,,,
1245,CLS-STDY 97A,FRSEMR 72S,GOV 20,HIST 1412,
1246,ECON 10A,FRSEMR 64O,GOV 20,,
1247,ECON 10A,FRSEMR 48K,MATH 21A,PHYSICS 19,
1248,CZCH CR,ECON 10A,MATH MA,,
1249,AFVS 12,AFVS 51S,ENGLISH 102M,FRSEMR 50V,
1250,FRSEMR 72M,GENED 1093,LIFESCI 1A,MATH 1B,
1251,COMPSCI 50,ECON 10A,MATH 21A,,
1252,GENED 1144,MATH 55A,MUSIC 14,PHIL 34,
1253,FRSEMR 50Y,HIST-LIT 90FK,SPANSH 30,,
1254,ECON 10A,GENED 1038,MATH MA,,
1255,COMPSCI 50,ECON 10A,GENED 1038,,
1256,GENED 1144,LING 101,MATH 22A,,
1257,FRSEMR 70P,GOV 1290,SPANSH 20,,
1258,ANTHRO 1906,ECON 10A,FRSEMR 41K,GENED 1093,
1259,CHNSE 120A,ECON 10A,FRSEMR 72M,GOV 20,
1260,COMPSCI 50,GENED 1093,MATH 21A,SPANSH 11,
1261,GENED 1038,GOV 1790,GOV 50,SPANSH 11,
1262,ECON 10A,LATIN 106A,MATH 25A,PHYSICS 15A,
1263,LIFESCI 1A,MATH 1A,STAT 100,,
1264,GENED 1074,MATH 21A,PHYSICS 15A,,
1265,ENGLISH 125PC,FRSEMR 35N,GENED 1181,,
1266,GENED 1093,LIFESCI 1A,MATH MA,,
1267,LIFESCI 1A,MATH 1B,SPANSH 11,,
1268,AFVS 153BR,GENED 1012,PHYSCI 70,,
1269,FRSEMR 52C,GENED 1018,HUMAN 10A,LPS A,
1270,FRSEMR 52C,GENED 1094,MATH 1B,,
1271,ECON 10A,FRENCH 40,FRSEMR 42H,MATH 1B,
1272,ECON 10A,FRSEMR 72W,GENED 1093,MATH 1A,
1273,FRSEMR 49N,GENED 1038,MATH MA,,
1274,FRSEMR 72I,LPS A,MATH MA,SPANSH 20,
1275,FRSEMR 25N,HIST-LIT 90FS,LPS A,SPANSH 10,
1276,FRSEMR 65E,GENED 1091,LIFESCI 1A,,
1277,GENED 1131,GENED 1140,HAA 12M,HAA 77M,
1278,FRSEMR 30Q,GENED 1114,ITAL 40,LING 101,
1279,ECON 10A,GENED 1074,ZULU AA,,
1280,APMTH 10,FRSEMR 23I,MATH 1B,,
1281,GENED 1033,GOV 30,KOREAN BA,MATH QA,
1282,FRSEMR 33X,LPS A,MATH 1B,,
1283,ECON 10A,GERMAN 10A,MATH 1B,MUSIC 107,
1284,COMPSCI 50,FRSEMR 43J,MATH 55A,STAT 110,
1285,EMR 1010,LIFESCI 1A,MATH 1A,,
1286,GENED 1146,LIFESCI 1A,MATH 21A,SPANSH 10,
1287,FRSEMR 60R,HIST 1465,MATH 1B,,
1288,FRSEMR 21V,GERMAN 61,MATH 22A,PHYSICS 16,
1289,COMPSCI 50,ECON 10A,GENED 1175,MATH 21A,
1290,COMPSCI 50,FRSEMR 26J,MATH 1B,,
1291,GENED 1053,LIFESCI 1A,MATH 1A,,
1292,AFRIKAAN AA,LPS A,MATH MA,,
1293,GENED 1038,SPANSH 30,STAT 104,,
1294,FRSEMR 61U,LPS A,MATH 21A,PSY 1,
1295,ECON 10A,FRSEMR 60R,MATH 1A,,
1296,COMPSCI 50,GENED 1120,MATH 22A,SPANSH 40,
1297,ECON 10A,ENGLISH 10,FRSEMR 30Q,,
1298,FRSEMR 72R,GENED 1102,SOCIOL 1000,,
1299,ARABIC AA,FRSEMR 24G,LIFESCI 1A,MATH 1B,
1300,GERMAN 10AB,GREEK 134,LATIN 106A,,
1301,FRSEMR 62U,GENED 1091,MATH 1A,,
1302,CHNSE 120A,ECON 10A,GENED 1038,GOV 20,
1303,ECON 10A,GENED 1038,MATH MA,,
1304,COMPSCI 50,ECON 10A,GENED 1038,MATH 22A,
1305,GENED 1042,GENED 1091,KOREAN BA,,
1306,FRSEMR 25N,LIFESCI 1A,MATH 1A,,
1307,ECON 10A,GENED 1120,JAPAN BA,,
1308,ESPP 78,FRSEMR 42H,GENED 1093,,
1309,COMPSCI 50,ECON 10A,GENED 1038,MATH 21A,
1310,ECON 10A,LIFESCI 1A,MATH 21A,,
1311,ECON 10A,FRSEMR 33X,MATH 22A,MUSIC 15,PHYSICS 16
1312,COMPSCI 50,ECON 10A,MATH 22A,,
1313,COMPSCI 50,FRSEMR 72O,LIFESCI 1A,MATH 22A,
1314,COMPSCI 61,GENED 1175,SAS 100R,STAT 100,
1315,COMPSCI 50,FRSEMR 60C,MATH 1A,,
1316,COMPSCI 50,ECON 10A,GENED 1102,,
1317,COMPSCI 50,FRSEMR 26E,GENED 1094,MATH 55A,
1318,FRSEMR 64Y,GOV 1734,HUMAN 10A,MATH 1A,
1319,GENED 1038,GENED 1140,SPANSH 49H,,
1320,FRSEMR 35E,GENED 1131,GENED 1144,,
1321,ENG-SCI 139,GENED 1102,LPS A,,
1322,CHNSE BX,COMPSCI 50,FRSEMR 33O,MATH 22A,MUSIC 107
1323,ECON 1010B,FRSEMR 31P,GENED 1011,HUMAN 10A,
1324,COMPSCI 50,GENED 1091,MATH 1B,MUSIC 15,
1325,FRSEMR 41R,GOV 20,MATH 1B,,
1326,FRSEMR 21W,HUMAN 10A,MATH 22A,SPANSH 10,
1327,FRSEMR 26F,GOV 1734,TDM 169S,,
1328,ECON 10A,FRSEMR 72U,GENED 1074,,
1329,LPS A,MATH MA,PHIL 34,,
1330,GENED 1074,GENED 1120,MATH QA,SPANSH 30,
1331,AFRIKAAN AA,ECON 10A,MATH MA,,
1332,COMPSCI 61,HISTSCI 1990,MATH 22A,,
1333,GENED 1042,GENED 1074,MATH MA,,
1334,GENED 1038,GENED 1074,PSY 1,,
1335,APMTH 10,PSY 1,SPANSH 30,STAT 110,
1336,ECON 10A,GENED 1074,MATH MA,,
1337,LIFESCI 1A,MATH 1A,RUSS AA,,
1338,COMPSCI 50,MATH 22A,SWEDISH 10A,,
1339,COMPSCI 50,GENED 1146,LIFESCI 1A,MATH 22A,
1340,COMPSCI 50,MATH 22A,MUSIC 107,PHIL 6,
1341,COMPSCI 50,GENED 1069,GENED 1089,MATH 22A,
1342,GENED 1175,LIFESCI 1A,MATH 21A,,
1343,FRSEMR 71G,GENED 1102,GOV 50,MATH 18A,
1344,IGBO AA,LPS A,MATH ESPA,MATH MA,
1345,FRSEMR 51S,GENED 1018,LIFESCI 50A,,
1346,FRSEMR 43J,GENED 1091,MATH 55A,STAT 110,
1347,COMPSCI 50,MATH MA,SOCIOL 1000,,
1348,ECON 10A,FRSEMR 71R,HUMAN 20,MATH 1A,
1349,GENED 1093,GENED 1144,LPS A,MATH MA,
1350,FRSEMR 24G,GENED 1144,LIFESCI 1A,,
1351,ECON 10A,GENED 1038,MATH MA,,
1352,COMPSCI 50,FRSEMR 72S,LIFESCI 50A,,
1353,ECON 10A,GENED 1175,MATH 1A,,
1354,ECON 10A,FRSEMR 72V,GENED 1069,GENED 1089,
1355,COMPSCI 50,FRSEMR 71Y,MATH 1B,,
1356,APMTH 10,ECON 10A,FRSEMR 26E,MATH 22A,
1357,ECON 10A,GENED 1018,MATH 1B,,
1358,ECON 10A,GENED 1102,HUMAN 10A,LIFESCI 1A,
1359,COMPSCI 171,COMPSCI 79,ECON 10A,GENED 1097,
1360,FRSEMR 62R,GENED 1012,GENED 1140,GOV 20,
1361,ECON 10A,FRSEMR 51M,HIST-LIT 90EO,,
1362,GENED 1130,GOV 1290,HIND-URD 101A,SOCIOL 1197,
1363,HISTSCI 100,LIFESCI 1A,MATH MA,,
1364,COMPSCI 50,ECON 10A,GENED 1019,MATH 22A,MUSIC 10
1365,COMPSCI 50,ECON 10A,GENED 1076,LIFESCI 1A,
1366,ECON 10A,FRSEMR 72W,MATH MA,,
1367,ECON 10A,FRSEMR 61U,MATH MA,,
1368,COMPSCI 50,MATH 22A,VIETNAM BA,,
1369,COMPSCI 50,GENED 1069,IGBO AA,MATH 1B,
1370,ECON 10A,GENED 1102,PSY 18,,
1371,LPS A,MATH MA,PSY 1,,
1372,GENED 1130,LIFESCI 1A,MATH MA,,
1373,ECON 10A,MATH 18A,SPANSH 11,,
1374,COMPSCI 50,GOV 50,HIST-LIT 90FK,,
1375,FRSEMR 50Y,GENED 1181,LIFESCI 1A,MATH 1A,
1376,FRENCH 20,GOV 50,HUMAN 10A,LPS A,
1377,ANTHRO 1781,ECON 10A,HUMAN 10A,MATH MA,
1378,ECON 10A,GENED 1069,GENED 1091,HUMAN 10A,
1379,COMPSCI 50,FRSEMR 50Y,MATH MA,,
1380,MATH 25A,PHIL 6,SPANSH 11,,
1381,FRSEMR 71G,LPS A,MATH 1A,SPANSH 20,
1382,GENED 1019,GENED 1144,PSY 1,,
1383,ECON 10A,FRSEMR 72U,LIFESCI 1A,,
1384,ENGLISH 20,FRENCH 20,FRSEMR 30M,,
1385,ECON 10A,GENED 1102,GOV 20,,
1386,ECON 10A,GENED 1144,MATH 1B,,
1387,ECON 10A,MATH 1A,SPANSH 10,,
1388,ECON 10A,MATH QA,WSTAFRCN AA,,
1389,ECON 10A,GENED 1012,PHIL 34,SPANSH 20,
1390,ECON 10A,GENED 1144,PSY 18,PSY 1900,
1391,ENGLISH 10,FRSEMR 33X,GENED 1044,HAA 61G,
1392,LIFESCI 1A,MATH 1A,SPANSH 40,,
1393,GENED 1044,HIST 1223,LIFESCI 1A,PSY 1,
1394,GENED 1094,GENED 1103,MATH 1A,SOCIOL 90I,
1395,GENED 1093,HIST 1465,MATH 21A,PSY 1,
1396,FRSEMR 24G,GENED 1175,LIFESCI 1A,MATH MA,
1397,COMPSCI 50,ECON 10A,FRSEMR 43J,MATH 22A,
1398,COMPSCI 50,GENED 1053,HAA 184G,LIFESCI 1A,
1399,COMPSCI 61,FRSEMR 61U,MATH 22A,,
1400,COMPSCI 50,MATH 25A,PHYSICS 15A,RUSS AA,
1401,ECON 10A,GENED 1069,MATH 21A,STAT 110,
1402,COMPSCI 50,GENED 1175,GENED 1181,MATH 22A,
1403,FRSEMR 72P,GOV 1540,HUMAN 10A,SPANSH 10,
1404,FRSEMR 42H,GENED 1094,GOV 50,MATH 19A,
1405,COMPSCI 50,FRSEMR 64Z,MATH 1A,,
1406,FRSEMR 23P,MATH 25A,STAT 110,,
1407,COMPSCI 50,GOV 20,PSY 1,TDM 134,
1408,ENGLISH 10,LPS A,MATH 1B,SPANSH 10,
1409,FRSEMR 27I,LIFESCI 1A,MATH 21A,,
1410,FRSEMR 25X,GENED 1144,LIFESCI 1A,MATH 21A,
1411,FRSEMR 26F,GENED 1144,LPS A,,
1412,COMPSCI 50,MATH 21A,STAT 110,,
1413,GENED 1102,GENED 1114,PHIL 34,,
1414,GENED 1146,GOV 20,MATH 1A,,
1415,FRSEMR 26J,MATH 21A,PHYSICS 19,,
1416,COMPSCI 50,ECON 10A,FRSEMR 65C,MATH 21A,MUSIC 15
1417,ECON 10A,MATH 1A,SPANSH 11,,
1418,ECON 10A,GENED 1091,MATH QA,,
1419,ENGLISH CAJR,FRSEMR 21V,GOV 1540,,
1420,ECON 10A,FRSEMR 27I,LIFESCI 1A,,
1421,LIFESCI 1A,MATH 21A,SPANSH 10,,
1422,FRENCH 30,FRSEMR 25N,HIST-LIT 90FN,HUMAN 10A,
1423,FRENCH 10,LPS A,MATH 1A,,
1424,FRENCH 20,GENED 1038,GENED 1102,GOV 20,
1425,FRSEMR 30M,ROM-STD 162,SOCIOL 1185,,
1426,ENGLISH 10,FRSEMR 23C,GENED 1131,MATH 22A,
1427,ECON 10A,FRSEMR 43J,MATH 21A,SPANSH 20,
1428,ARABIC AA,EMR 152,FRSEMR 72O,GENED 1140,
1429,ECON 10A,GENED 1038,MATH QA,,
1430,ECON 10A,GENED 1076,GOV 20,,
1431,GENED 1074,GOV 30,HIST 1465,,
1432,ECON 10A,GENED 1033,GENED 1038,JAPAN BA,
1433,ENGLISH CSST,FRSEMR 72O,LIFESCI 50A,,
1434,ECON 10A,FRSEMR 62U,MATH MA,,
1435,FRSEMR 26J,GENED 1183,MATH 1B,,
1436,ARABIC AA,ECON 10A,GENED 1140,GOV 1290,
1437,COMPSCI 50,ECON 10A,MATH 21A,,
1438,LPS A,MATH MA,WSTAFRCN AA,,
1439,FRSEMR 43F,GENED 1079,LPS A,MATH 1A,
1440,ECON 10A,GENED 1074,MATH QA,,
1441,COMPSCI 50,ECON 10A,FRSEMR 31P,GENED 1069,
1442,FRSEMR 24G,GENED 1053,LIFESCI 50A,,
1443,ASTRON 2,FRSEMR 34X,GENED 1105,ITAL 20,
1444,COMPSCI 61,ECON 1010A,GENED 1120,MATH 22A,
1445,FRSEMR 24G,GENED 1175,LIFESCI 50A,,
1446,ECON 10A,GENED 1012,LIFESCI 1A,MATH MA,
1447,COMPSCI 50,MATH 22A,PHYSICS 15A,,
1448,CHNSE BX,COMPSCI 50,ECON 10A,FRSEMR 50V,
1449,ENGLISH 10,FRSEMR 26F,ITAL 10,,
1450,COMPSCI 121,MATH 55A,STAT 110,,
1451,GENED 1103,GENED 1131,HIST 1412,MATH 1B,
1452,EDST 128,FRSEMR 72T,GOV 30,SOCIOL 1119,
1453,FRSEMR 72I,GENED 1071,MUSIC 14,SOCIOL 1197,SPANSH 11
1454,COMPSCI 50,GENED 1175,LIFESCI 1A,,
1455,COMPSCI 50,GENED 1104,MATH 1B,,
1456,EMR 1010,FRSEMR 41R,GENED 1140,GOV 20,
1457,ENGLISH 10,FRENCH 30,GOV 20,,
1458,ARABIC BA,GENED 1019,GENED 1140,,
1459,ECON 10A,GENED 1074,MATH QA,,
1460,GENED 1094,HIST 1602,LIFESCI 50A,,
1461,CE 10,FRSEMR 72M,GENED 1069,SOCIOL 1000,
1462,COMPSCI 61,GENED 1038,MATH 1A,PSY 1,
1463,COMPSCI 50,FRSEMR 50Y,MATH 1A,SPANSH 30,
1464,LPS A,MATH ESPA,MATH MA,NEP 102A,
1465,ECON 10A,GENED 1038,MATH QA,,
1466,ECON 10A,FRSEMR 72O,GENED 1044,,
1467,GENED 1074,MATH 25A,STAT 110,,
1468,COMPSCI 50,ECON 10A,MATH 21A,,
1469,COMPSCI 50,FRSEMR 64I,KOREAN BA,,
1470,ECON 10A,FRSEMR 51F,GENED 1079,LPS A,
1471,ECON 10A,MATH 21A,PHYSICS 19,,
1472,HUMAN 10A,LIFESCI 1A,MATH 22A,PSY 1,
1473,ECON 10A,GENED 1094,MATH 1A,,
1474,COMPSCI 50,FRSEMR 33O,MATH MA,,
1475,ECON 10A,LIFESCI 1A,MATH MA,,
1476,CHNSE BX,FRSEMR 51F,LIFESCI 1A,MATH 19A,
1477,HISTSCI 100,LIFESCI 1A,MATH 1A,,
1478,ECON 10A,GENED 1102,GENED 1103,,
1479,COMPSCI 121,FRSEMR 23C,MATH 55A,,
1480,CHNSE BX,FRSEMR 64Y,MATH 22A,,
1481,FRSEMR 72U,LPS A,MATH MA,SPANSH 11,
1482,FRSEMR 50V,HIST 1465,SPANSH 10,,
1483,ECON 10A,FRSEMR 50P,HUMAN 10A,MATH 21A,
1484,ECON 10A,FRENCH 10,GOV 1790,,
1485,ECON 10A,EMR 151,GENED 1102,,
1486,GENED 1074,LATIN 106A,MATH 21A,PHYSICS 15A,
1487,ENG-SCI 139,LPS A,MATH MA,,
1488,FRSEMR 72I,GENED 1071,HISTSCI 1950,,
1489,CHNSE 120A,ECON 10A,GENED 1120,MATH 21A,
1490,CHNSE BX,FRSEMR 25X,LIFESCI 1A,,
1491,COMPSCI 50,FRSEMR 71G,MATH 55A,,
1492,ECON 10A,GENED 1018,MATH 1B,SPANSH 10,
1493,COMPSCI 50,FRSEMR 72I,LIFESCI 50A,,
1494,APPHY 50A,GENED 1038,LPS A,MATH 1A,
1495,ECON 10A,GENED 1130,MATH MA,,
1496,AFRIKAAN AA,ECON 10A,MATH MA,,
1497,COMPSCI 50,GENED 1018,MATH 1A,,
1498,ECON 10A,GENED 1038,MATH 21A,,
1499,COMPSCI 50,GENED 1120,SPANSH 20,,
1500,ECON 10A,ENG-SCI 139,GENED 1038,MATH 1A,
1501,ECON 10A,LPS A,MATH 1A,,
1502,COMPSCI 50,ECON 10A,MATH 22A,,
1503,COMPSCI 50,GENED 1038,LPS A,,
1504,LIFESCI 1A,MATH 25A,STAT 110,,
1505,FRENCH 10,FRSEMR 23P,MATH 55A,,
1506,GENED 1033,MATH 25A,STAT 110,,
1507,FRSEMR 49N,GENED 1038,LIFESCI 1A,,
1508,CHNSE BX,COMPSCI 50,LIFESCI 50A,,
1509,FRSEMR 62U,GENED 1038,GOV 1790,,
1510,COMPSCI 50,GENED 1105,MATH 1B,,
1511,COMPSCI 120,JAPAN BA,MATH 55A,STAT 110,
1512,ECON 10A,GENED 1144,MATH 1A,,
1513,AFVS 58T,HUMAN 20,MATH 55A,SLAVIC 148,
1514,GENED 1104,KOREAN BA,LIFESCI 1A,MATH 1A,
1515,COMPSCI 50,ECON 10A,GENED 1093,,
1516,FRENCH 10,GENED 1074,GENED 1104,MATH 25A,
1517,CHNSE BA,ECON 10A,GENED 1181,MATH 1B,
1518,CHNSE 130XA,ECON 10A,FRSEMR 26F,,
1519,FRSEMR 61U,LPS A,MATH 1A,,
1520,ECON 10A,ENGLISH 10,GENED 1053,HUMAN 10A,
1521,GENED 1074,GENED 1076,GOV 20,SPANSH 11,
1522,ECON 10A,GENED 1181,MATH 21A,MUSIC 10,
1523,GENED 1038,HIST 1006,HIST 1024,,
1524,ECON 10A,GENED 1102,SOCIOL 1000,,
1525,CLS-STDY 97A,COMPLIT 121X,FRSEMR 30Q,,
1526,COMPSCI 50,ECON 10A,FRSEMR 64Z,MATH 1B,
1527,FRSEMR 43F,LPS A,PSY 1,,
1528,ANTHRO 1781,ECON 10A,FRSEMR 64U,LIFESCI 1A,
1529,COMPSCI 61,MATH 55A,PHIL 34,STAT 110,
1530,GENED 1091,MATH 55A,PHIL 34,,
1531,LING 73A,LPS A,MATH 1A,,
1532,COMPSCI 50,ECON 10A,GENED 1038,,
1533,CHNSE BA,FRSEMR 33O,GENED 1148,,
1534,FRSEMR 64Y,GENED 1076,NEURO 80,SPANSH 20,
1535,ECON 10A,FRSEMR 33O,ITAL 10,MATH 21A,
1536,GENED 1069,MATH 1A,OEB 55,PORTUG 20,
1537,ECON 10A,FRSEMR 60C,GENED 1044,MATH 18A,
1538,ECON 10A,FRSEMR 72M,SOCIOL 1000,,
1539,ECON 10A,FRSEMR 26F,LIFESCI 1A,MATH 21A,
1540,COMPSCI 50,FRSEMR 72R,MATH 1B,,
1541,FRSEMR 40P,GERMAN 10A,MATH 1B,,
1542,CHNSE BA,COMPSCI 50,GENED 1076,,
1543,COMPSCI 50,FRSEMR 65C,MATH 25A,,
1544,APMTH 10,MATH 1B,PHYSICS 15A,SPANSH 11,
1545,FRSEMR 72I,GENED 1038,SPANSH 11,,
1546,APMTH 22A,COMPSCI 50,GENED 1038,LIFESCI 1A,
1547,COMPSCI 61,MATH 22A,STAT 110,,
1548,COMPSCI 50,FRENCH 20,GENED 1033,MATH 21A,
1549,FRSEMR 26J,JAPAN 140A,MATH 22A,STAT 110,
1550,COMPSCI 50,FRSEMR 31J,LIFESCI 1A,MATH 22A,
1551,ECON 10A,FRSEMR 33O,MATH 1A,,
1552,FRSEMR 35E,GENED 1183,LIFESCI 1A,MATH MA,
1553,FRSEMR 72I,LPS A,MATH 1A,,
1554,ECON 10A,MATH MA,SPANSH 11,,
1555,COMPSCI 50,ECON 10A,MATH 1B,PHIL 34,
1556,COMPSCI 50,FRSEMR 33C,MATH 25A,,
1557,GENED 1091,MATH 1A,SOCIOL 1000,,
1558,COMPSCI 50,GENED 1038,LIFESCI 1A,MATH 1B,
1559,GENED 1071,GENED 1144,LIFESCI 1A,,
1560,COMPSCI 50,ECON 10A,GENED 1042,GENED 1144,
1561,GENED 1104,LIFESCI 1A,MATH 21A,,
1562,COMPSCI 50,MATH 22A,STAT 110,,
1563,FRSEMR 24G,LIFESCI 50A,,,
1564,ECON 10A,GOV 20,PHIL 3,,
1565,ECON 10A,GENED 1093,MATH 1A,,
1566,FRSEMR 64O,GOV 20,SOCIOL 90I,,
1567,AFVS 12,COMPSCI 50,GENED 1038,MATH 22A,
1568,COMPSCI 50,ECON 1010A,FRSEMR 51H,GENED 1120,MUSIC 15
1569,ECON 10A,GENED 1093,LPS A,,
1570,ECON 10A,MATH QA,SPANSH 10,,
1571,EMR 1010,GENED 1102,RELIGION 1084,SOCIOL 1000,
1572,COMPSCI 50,ENGLISH 10,FRENCH 30,MATH MA,
1573,COMPSCI 50,ECON 10A,MATH 1A,,
1574,AFRIKAAN AA,GENED 1074,MATH MA,,
1575,ECON 10A,GENED 1094,MATH 1A,,
1576,COMPSCI 50,FRSEMR 70P,MATH 22A,,
1577,FRENCH 11,LIFESCI 1A,MATH 1A,,
1578,ECON 1017,ECON 10A,FRSEMR 70P,,
1579,APMTH 104,ESPP 78,FRSEMR 42H,PHYSICS 16,
1580,FRSEMR 26J,MATH 1A,SWEDISH 10A,,
1581,ECON 10A,MATH MA,ZULU AA,,
1582,COMPSCI 50,ECON 10A,FRSEMR 70P,MATH 1B,
1583,COMPSCI 50,ECON 10A,MATH 22A,,
1584,ARABIC 152,LPS A,MATH MA,,
1585,ANTHRO 1707,FRSEMR 64T,SPANSH 20,,
1586,APPHY 50A,GENED 1080,MATH 1B,SPANSH 20,
1587,ECON 10A,MATH 1B,ZULU AA,,
1588,FRENCH 11,GENED 1071,LPS A,MATH 1A,
1589,COMPSCI 50,ECON 10A,FRSEMR 43J,MATH 1B,
1590,ECON 10A,FRSEMR 23C,MATH QA,,
1591,ECON 10A,HUMAN 10A,MATH 18A,PHIL 6,
1592,ECON 10A,ENG-SCI 139,MATH MA,,
1593,ECON 10A,GENED 1038,MATH QA,MUSIC 16,
1594,GENED 1038,MATH 21A,PSY 1,SPANSH 30,
1595,ANTHRO 1827,LPS A,MATH MA,,
1596,CHNSE BX,COMPSCI 50,MATH 22A,MUSIC 15,NEURO 80
1597,APMTH 10,FRSEMR 62Z,MATH 21A,,
1598,ECON 10A,FRSEMR 33X,LIFESCI 1A,MATH 21A,
1599,CHNSE BX,COMPSCI 50,MATH 25A,PHIL 3,
1600,ECON 10A,GENED 1018,MATH 21A,PHYSCI 2,
1601,ASTRON 2,FRSEMR 50Y,GENED 1038,MATH 55A,
1602,ECON 10A,GENED 1094,MATH 21A,MUSIC 14,
1603,FRSEMR 51F,LIFESCI 1A,MATH 1B,,
1604,COMPSCI 50,GENED 1038,JAPAN BA,MATH 22A,
1605,COMPSCI 50,GENED 1038,MATH 22A,SPANSH 10,
1606,GENED 1094,MATH 1A,OEB 10,SPANSH 20,
1607,COMPSCI 50,LPS A,MATH MA,,
1608,LPS A,MATH 1A,PSY 1,,
1609,ECON 10A,MATH 1A,MCB 80,,
1610,GENED 1089,LIFESCI 1A,MATH 21A,PSY 1,
1611,GENED 1093,LIFESCI 1A,MATH 1B,,
1612,COMPSCI 50,FRSEMR 49N,MATH 22A,,
1613,ECON 10A,ENGLISH 10,FRSEMR 65E,HUMAN 10A,
1614,MATH 1B,PHYSICS 19,PORTUG 30,,
1615,FRSEMR 31J,LIFESCI 1A,SOCIOL 1111,,
1616,COMPSCI 50,ECON 10A,FRSEMR 61U,MATH 21A,
1617,GENED 1038,GERMAN 10A,MATH 1A,,
1618,GENED 1114,MATH 1B,PHYSICS 15A,,
1619,FRSEMR 72T,GENED 1050,GENED 1093,,
1620,ECON 10A,GENED 1074,JAPAN BA,,
1621,FRSEMR 41K,GENED 1146,GOV 1540,GOV 20,
1622,ECON 10A,GENED 1102,GENED 1120,,
1623,CHNSE 120A,FRSEMR 65F,MATH 1B,,
1624,COMPSCI 50,GENED 1038,MATH 1A,,
1625,COMPSCI 50,LIFESCI 1A,MATH 21A,SPANSH 11,
1626,ENGLISH 10,FRSEMR 71Y,GENED 1130,,
1627,FRSEMR 72T,GULLAH AA,HIST 1024,,
1628,COMPSCI 50,GENED 1104,MATH 1B,,
1629,FRSEMR 23I,GENED 1094,MATH 21A,NEURO 80,
1630,COMPSCI 50,GENED 1097,HUMAN 10A,MATH 22A,
1631,GENED 1093,MATH 22A,STAT 110,,
1632,GENED 1103,MATH 22A,PHYSICS 15A,,
1633,CHNSE BX,ECON 10A,GENED 1089,MATH 1A,
1634,ECON 10A,FRSEMR 60C,MATH 1B,,
1635,GENED 1148,LIFESCI 1A,SPANSH 30,,
1636,FRSEMR 21V,MATH 22A,PHIL 34,PHYSICS 19,
1637,COMPSCI 50,ECON 10A,FRSEMR 72T,GOV 20,
1638,GENED 1069,LPS A,PSY 14,,
1639,COMPSCI 50,HISTSCI 100,LIFESCI 1A,PHIL 34,
1640,ECON 10A,FRSEMR 49G,MATH MA,,
1641,GENED 1074,LIFESCI 1A,MATH MA,,
1642,FRSEMR 72P,GOV 30,MATH QA,SOCIOL 1163,
